Name,ID
Sarki Abdulkadir,"['A5066860794', 'A5089778892', 'A5035943760', 'A5112766814', 'A5099551396']"
Ash Alizadeh,"['A5007420876', 'A5032767433']"
Vineet Arora,"['A5038649068', 'A5005082660', 'A5049096869', 'A5102461964', 'A5051552508', 'A5100106033', 'A5114228778', 'A5094607975', 'A5094607926', 'A5037079188', 'A5102707254', 'A5113981273', 'A5085002321']"
Andrew Auerbach,"['A5045146638', 'A5111240651', 'A5101417559', 'A5008611431', 'A5007217896', 'A5035140943', 'A5051070875']"
Adam Bass,"['A5079706186', 'A5054530341', 'A5035044470', 'A5046924167', 'A5001175067', 'A5063699613', 'A5019966595', 'A5038002304', 'A5039213176', 'A5113217880']"
Edward Behrens,"['A5032723566', 'A5067266858', 'A5109243802', 'A5108830810', 'A5078438726', 'A5111105240', 'A5103958677', 'A5114006739', 'A5091847681', 'A5083304548', 'A5007280326', 'A5035708524', 'A5105841414', 'A5106355753']"
Rameen Beroukhim,"['A5041980697', 'A5112504487', 'A5110664853', 'A5069852085', 'A5103945735']"
Karl Bilimoria,"['A5023012457', 'A5046056283', 'A5105857000']"
Ron Bose,"['A5001373717', 'A5004443280', 'A5056210928']"
Russell Bowler,"['A5017665414', 'A5071758925', 'A5108867633', 'A5058645384', 'A5000255819', 'A5079691242']"
Nicole Calakos,"['A5085465113', 'A5105092521']"
Sarat Chandarlapaty,['A5041961484']
Ping Chi,"['A5012215691', 'A5102863329', 'A5027346244', 'A5062645020', 'A5024217010', 'A5002017233', 'A5051704749', 'A5109420064', 'A5110202805', 'A5079233004', 'A5071209232', 'A5111624016', 'A5000774070', 'A5078846182', 'A5010663024', 'A5073648522', 'A5075764227', 'A5111522946', 'A5102796886', 'A5114804214', 'A5018814955', 'A5067917878', 'A5062314768', 'A5052823682', 'A5102903958', 'A5061574249', 'A5111871104', 'A5090317194', 'A5003489921', 'A5071391610', 'A5110254302', 'A5062211977', 'A5037570401', 'A5038306920', 'A5034681445', 'A5049718052', 'A5074496679', 'A5109450193', 'A5102148211', 'A5101645709', 'A5109717601', 'A5053323569', 'A5008589780', 'A5027162719', 'A5109962812', 'A5083676145', 'A5045613089', 'A5076411353', 'A5039121512', 'A5109098882', 'A5081342660', 'A5045755090', 'A5108531599', 'A5010495343', 'A5081647209', 'A5036190797', 'A5063605280', 'A5113768244', 'A5074985611', 'A5057217483', 'A5101506047', 'A5035140030', 'A5102160198', 'A5016906953', 'A5068937090', 'A5049625251', 'A5085157116', 'A5024578975', 'A5037869824', 'A5106692012', 'A5025448754', 'A5080384372', 'A5090076380', 'A5075758237', 'A5108449945', 'A5078664198', 'A5056216721', 'A5108364124', 'A5078070914', 'A5044056842', 'A5029000534', 'A5089313556', 'A5056232622', 'A5074898928', 'A5083824502', 'A5046033594', 'A5110499221', 'A5068350439', 'A5082645517', 'A5091221070', 'A5012806270', 'A5111942975', 'A5008324932', 'A5113596241', 'A5008195984', 'A5078964525', 'A5014709063', 'A5088403265', 'A5065994487', 'A5055527026', 'A5028670775', 'A5084539989', 'A5101392272', 'A5075427862', 'A5111610663', 'A5045247144', 'A5037730034', 'A5079574209', 'A5055235701', 'A5052440452', 'A5106691255', 'A5113813139', 'A5018765045', 'A5101080794', 'A5040721542', 'A5080504870', 'A5013377440', 'A5045638330', 'A5111714926', 'A5004861881', 'A5017287028', 'A5078643630', 'A5090518459', 'A5090578672', 'A5113749638', 'A5088315390', 'A5063274287', 'A5113550607', 'A5109550349', 'A5078475128', 'A5074753418', 'A5067820643', 'A5033228180', 'A5065045193', 'A5003724814', 'A5104071851', 'A5089103687', 'A5066512839', 'A5089284038', 'A5055813341', 'A5047269561', 'A5054633648', 'A5082337810', 'A5064906419', 'A5051762781', 'A5112024881', 'A5045443552', 'A5073455018', 'A5038562316', 'A5061390412', 'A5066932917', 'A5084697854', 'A5112587565', 'A5053563603', 'A5064760953', 'A5048527889', 'A5112559764', 'A5081337318', 'A5025856388', 'A5051840842', 'A5042572976', 'A5108500198', 'A5108226832', 'A5019371287', 'A5029478906', 'A5105423134', 'A5108381766', 'A5001194651', 'A5010009473', 'A5033616133', 'A5102672106', 'A5077364678', 'A5102165647', 'A5006952117', 'A5100895516', 'A5075644905', 'A5112823187', 'A5010229898', 'A5071517401', 'A5109552358', 'A5102233075', 'A5083964521', 'A5072486361', 'A5019589415', 'A5108635724', 'A5052716350', 'A5113250710', 'A5090596046', 'A5002648761', 'A5032824293', 'A5113742456', 'A5073767327', 'A5060858687', 'A5071412870', 'A5111239655', 'A5069801124', 'A5010377884', 'A5085124593', 'A5003075677', 'A5035533144', 'A5068142657', 'A5103942666', 'A5005819639', 'A5025847429', 'A5031071172', 'A5113812152', 'A5020856343', 'A5109386528', 'A5102624442', 'A5001497573', 'A5091492049', 'A5111908664', 'A5066304485', 'A5111553980', 'A5000836849', 'A5015321557', 'A5108870925', 'A5093852884', 'A5009778063', 'A5086829775', 'A5006558487', 'A5080412991', 'A5013095753', 'A5088605750', 'A5093947119', 'A5105922031', 'A5073857497', 'A5111476301', 'A5080168443', 'A5069923143', 'A5001786053', 'A5075049597', 'A5032051053', 'A5077626450', 'A5113260348', 'A5045992237', 'A5065064066', 'A5104230989', 'A5097387472', 'A5070146710', 'A5029676662', 'A5113822687', 'A5012274791', 'A5077175151', 'A5042723567', 'A5091778713', 'A5050212661', 'A5061015904', 'A5050282202', 'A5016186594', 'A5026623517', 'A5034115029', 'A5089712218', 'A5090947278', 'A5067051740', 'A5058311214', 'A5002782724', 'A5034058094', 'A5050492978', 'A5068571364', 'A5102696527', 'A5019754773', 'A5021385193', 'A5031531023', 'A5040952524', 'A5080263110', 'A5108212391', 'A5002445447', 'A5028259764', 'A5049933836', 'A5036012227', 'A5040276241', 'A5009572860', 'A5032824571', 'A5068500904', 'A5112520566', 'A5018162079', 'A5028880738', 'A5042881535', 'A5065791639', 'A5074056162', 'A5111308402', 'A5111166134', 'A5027678555', 'A5034367034', 'A5067765830', 'A5074623414', 'A5078618216', 'A5112697983', 'A5024350921', 'A5029943556', 'A5028995342', 'A5043625776', 'A5073392391', 'A5088273694', 'A5103915943', 'A5113705017', 'A5017055657', 'A5037859040', 'A5062762285', 'A5063311988', 'A5020183307', 'A5039692422', 'A5068118248', 'A5084279293', 'A5039775307', 'A5091472132', 'A5035188181', 'A5041957012', 'A5037975728', 'A5011002115', 'A5098551973', 'A5064136794', 'A5097002606', 'A5054911471', 'A5011089902', 'A5107721270', 'A5098604759', 'A5102615975', 'A5088990892', 'A5034360475', 'A5072806343', 'A5010578195', 'A5066426191', 'A5055507664', 'A5024052639', 'A5101801843']"
Ryan Corcoran,['A5030510204']
Peter Crompton,"['A5050452200', 'A5074040893', 'A5066525787', 'A5080414073', 'A5053310369', 'A5049299858', 'A5034342480']"
Aaron Cypess,"['A5067028169', 'A5105220016', 'A5104794645', 'A5037386517', 'A5062645354']"
Maximilian Diehn,"['A5001873561', 'A5104289455', 'A5103691833']"
Justin Dimick,"['A5069321101', 'A5113538846', 'A5108216977', 'A5052893027', 'A5097707094']"
Mark Dransfield,"['A5045141623', 'A5047323879', 'A5083359566', 'A5010565681', 'A5107075329']"
Brian Feldman,"['A5030955894', 'A5110681293', 'A5105986075', 'A5007919790', 'A5102299844', 'A5108792092', 'A5102457695', 'A5110180917', 'A5028993427', 'A5014487564', 'A5011926543', 'A5079325968', 'A5021541328', 'A5093069353', 'A5114710334', 'A5058318674', 'A5055237430']"
Ariel Feldstein,"['A5053295611', 'A5112039617', 'A5054809439', 'A5113742594', 'A5113612732']"
Martin Fernandez-Zapico,"['A5072437086', 'A5052018839', 'A5031249003', 'A5112836002']"
Alessia Fornoni,"['A5021600258', 'A5110718264', 'A5108762660', 'A5109487958', 'A5113212725', 'A5101142992']"
Terry Fry,"['A5017207916', 'A5108437611', 'A5088405262', 'A5110537537']"
Rene Galindo,"['A5065871898', 'A5014711740', 'A5025606697', 'A5054487688', 'A5111685349', 'A5070299195', 'A5088666107', 'A5100926775', 'A5012239735', 'A5049608614', 'A5001162224', 'A5012637807', 'A5006457947', 'A5000490467', 'A5026514564', 'A5022011077', 'A5057935417', 'A5092042667', 'A5102611351', 'A5058627745', 'A5062632636']"
Anupam Agarwal,"['A5066336399', 'A5061945450', 'A5077658349', 'A5109858734', 'A5030704652', 'A5090974594', 'A5103288147', 'A5062517086']"
Jayakrishna Ambati,['A5086654368']
Suneel Apte,"['A5064761253', 'A5063763669', 'A5039653093', 'A5068089316']"
Kyong-Mi Chang,"['A5038073374', 'A5113536881', 'A5062918972']"
Herbert Cohen,"['A5054409731', 'A5103382427', 'A5109991557', 'A5110563132', 'A5110186755', 'A5021855669', 'A5073560064', 'A5111978523', 'A5067363046', 'A5085181240', 'A5005447350', 'A5086180733', 'A5097941638', 'A5055767216', 'A5066840760', 'A5056983357', 'A5102343296', 'A5011242422', 'A5053666222', 'A5104846374', 'A5024219148']"
Laurence Cooper,"['A5007081796', 'A5029006010', 'A5077362143', 'A5067339495', 'A5010738427', 'A5110612413', 'A5032625965', 'A5105933489', 'A5099503669', 'A5109554586', 'A5020502697', 'A5051747610', 'A5099503721', 'A5099492241']"
George Cotsarelis,"['A5043510285', 'A5111822910']"
Kenneth Covinsky,['A5045222539']
Maurizio Del Poeta,"['A5064137145', 'A5052501908', 'A5082354773']"
Phillip Dennis,"['A5022984824', 'A5107497865', 'A5054599395', 'A5009146918', 'A5106118833', 'A5071678717', 'A5023087131', 'A5068680255', 'A5002915223', 'A5031502321', 'A5062170149', 'A5114326100', 'A5060084087', 'A5034539851', 'A5015456671', 'A5097253360', 'A5064325346']"
Michael Diamond,"['A5070153307', 'A5005306051', 'A5102805830', 'A5020983883', 'A5056497033', 'A5087373481', 'A5035309628', 'A5027074373', 'A5000309009', 'A5077682442', 'A5054745608', 'A5075480591', 'A5108380005', 'A5017110012', 'A5112889249', 'A5031091946', 'A5065474270', 'A5000333016', 'A5069853523', 'A5012036223', 'A5112731083', 'A5001950035', 'A5099455582', 'A5096948875', 'A5114485422', 'A5036875919', 'A5055164812', 'A5089569640', 'A5115585244', 'A5067421239', 'A5025840279', 'A5090339673', 'A5112811111', 'A5038687825', 'A5071898101', 'A5027936314', 'A5042313515', 'A5115774744', 'A5104040922', 'A5071048762']"
Jay Edelberg,"['A5107557360', 'A5023169167', 'A5107593402', 'A5111837185', 'A5107633703', 'A5110920330', 'A5107677874', 'A5107790492', 'A5107722046', 'A5018588718', 'A5107655608']"
David Engman,"['A5047332247', 'A5009418494']"
Daniel Fowler,"['A5074220802', 'A5025677254', 'A5053363121', 'A5055199218', 'A5015124845', 'A5047359105', 'A5033901618', 'A5042535663', 'A5036841043', 'A5051766484', 'A5053091619', 'A5112211418', 'A5075474574', 'A5061500632', 'A5001952347']"
Vance Fowler,"['A5045500368', 'A5111591273', 'A5016225188', 'A5108835869', 'A5088331636', 'A5108785557']"
John Frangioni,"['A5113720653', 'A5098248844', 'A5063886271']"
Bin Gao,"['A5049519363', 'A5100757015', 'A5008633924', 'A5101870054', 'A5035182816', 'A5015817857', 'A5100462449', 'A5004355908', 'A5024427902', 'A5100757012', 'A5013277492', 'A5003993055', 'A5085036036', 'A5019891190', 'A5071637061', 'A5101736815', 'A5003606386', 'A5040940904', 'A5000290451', 'A5073017831', 'A5101638187', 'A5100757016', 'A5071398995', 'A5078729478', 'A5108081395', 'A5020641535', 'A5017435398', 'A5101564652', 'A5100634509', 'A5033365661', 'A5019829348', 'A5049561482', 'A5087417056', 'A5109516799', 'A5038119125', 'A5113641424', 'A5022967503', 'A5100734402', 'A5110201543', 'A5060626290', 'A5026537366', 'A5028101406', 'A5108697651', 'A5101579058', 'A5101589980', 'A5017269545', 'A5103367420', 'A5101482572', 'A5019319907', 'A5111932255', 'A5110657033', 'A5101594002', 'A5102310660', 'A5035344721', 'A5006352803', 'A5078318885', 'A5067648073', 'A5101579057', 'A5038488918', 'A5100462995', 'A5101842426', 'A5102217534', 'A5015217257', 'A5058289407', 'A5063101827', 'A5075057955', 'A5110532661', 'A5112533935', 'A5100898516', 'A5101445060', 'A5101937589', 'A5100816230', 'A5004363345', 'A5087047048', 'A5085536799', 'A5102715605', 'A5103403789', 'A5059197614', 'A5101730800', 'A5080147538', 'A5041644210', 'A5109247700', 'A5025191215', 'A5110373314', 'A5100518516', 'A5016203857', 'A5060933495', 'A5047429226', 'A5103935173', 'A5042934889', 'A5102489695', 'A5112664830', 'A5075651489', 'A5062571440', 'A5012454955', 'A5037557170', 'A5001289565', 'A5111256624', 'A5076732578', 'A5056545327', 'A5055459520', 'A5072192156', 'A5100683069', 'A5113734701', 'A5101937591', 'A5053853100', 'A5101758509', 'A5047017811', 'A5101639219', 'A5054447793', 'A5100849030', 'A5100757014', 'A5071935536', 'A5043777226', 'A5112115772', 'A5053852861', 'A5055636977', 'A5033858779', 'A5052697294', 'A5104011300', 'A5104141766', 'A5004062192', 'A5067460419', 'A5048840583', 'A5037584569', 'A5044114658', 'A5110263544', 'A5032030502', 'A5003200287', 'A5112126038', 'A5001886361', 'A5010519147', 'A5111958223', 'A5113523811', 'A5105369250', 'A5102745091', 'A5069662421', 'A5022263920', 'A5100915163', 'A5039992639', 'A5083091277', 'A5103971291', 'A5088549444', 'A5066829401', 'A5017190440', 'A5102942556', 'A5046240204', 'A5101147409', 'A5082341188', 'A5058406707', 'A5005195764', 'A5108242354', 'A5074778245', 'A5007594118', 'A5047880504', 'A5103357281', 'A5080381220', 'A5109511506', 'A5004157082', 'A5066266943', 'A5032503950', 'A5101529812', 'A5110689531', 'A5031431319', 'A5044992896', 'A5084528379', 'A5087760587', 'A5074456795', 'A5037016338', 'A5101529811', 'A5103484000', 'A5078136802', 'A5103055138', 'A5031200211', 'A5106657763', 'A5085501186', 'A5003404564', 'A5103979986', 'A5005649880', 'A5083503270', 'A5087650552', 'A5059805884', 'A5103072437', 'A5109890733', 'A5058220633', 'A5073676368', 'A5045514601', 'A5101621680', 'A5088392393', 'A5029460465', 'A5010821259', 'A5018742447', 'A5014964024', 'A5089519930', 'A5101529810', 'A5002235264', 'A5022895296', 'A5074585130', 'A5048625175', 'A5111273944', 'A5101118704', 'A5101719940', 'A5076435557', 'A5102761994', 'A5087290789', 'A5103470492', 'A5093659471', 'A5019918012', 'A5072515144', 'A5001140586', 'A5053871813', 'A5068086995', 'A5078580276', 'A5085248773', 'A5113409015', 'A5037014095', 'A5111505283', 'A5085802302', 'A5030401463', 'A5031009738', 'A5029048331', 'A5013237370', 'A5111217711', 'A5045285812', 'A5112745256', 'A5080442129', 'A5102049212', 'A5103541328', 'A5037630951', 'A5005463818', 'A5036630194', 'A5100835107', 'A5012327194', 'A5103657143', 'A5057402509', 'A5075161998', 'A5028760372', 'A5112534970', 'A5112690917', 'A5030648942', 'A5021458134', 'A5103252781', 'A5104346536', 'A5110509933', 'A5102268115', 'A5033474311', 'A5048477142', 'A5014102842', 'A5023164710', 'A5080151745', 'A5072994666', 'A5087783712', 'A5102685560', 'A5109139270', 'A5025433022', 'A5005537067', 'A5088848675', 'A5032884624', 'A5077316701', 'A5076331357', 'A5085939813', 'A5017907096', 'A5030173581', 'A5055276683', 'A5100977923', 'A5008246533', 'A5065505632', 'A5009880573', 'A5110670655', 'A5011629721', 'A5089964913', 'A5044937612', 'A5040614224', 'A5087092704', 'A5035595635', 'A5007504540', 'A5080763023', 'A5006973791', 'A5047189466', 'A5022479771', 'A5109375369', 'A5098386099', 'A5040209787', 'A5016313834', 'A5028092828', 'A5044149367', 'A5004004775', 'A5008812717', 'A5083854344', 'A5103662483', 'A5104247100', 'A5035652041', 'A5097162390', 'A5011396050', 'A5088503403', 'A5082412824', 'A5051150519', 'A5096895897', 'A5045479104', 'A5112447354', 'A5019460613', 'A5009712529', 'A5109538818', 'A5102244671', 'A5115487731', 'A5051962828', 'A5115596986', 'A5107699639', 'A5104881201', 'A5111273208', 'A5025521915', 'A5026170940', 'A5037839515', 'A5104295837', 'A5111734609', 'A5101306678', 'A5111808256', 'A5033851551', 'A5072517086', 'A5101216276', 'A5112792223', 'A5013755754', 'A5031222876', 'A5014214487', 'A5113321493', 'A5052714588', 'A5093981563', 'A5066606869', 'A5070007747', 'A5090020090', 'A5066718593', 'A5056415486', 'A5064748153', 'A5058741151', 'A5073830419', 'A5043946642', 'A5006007777', 'A5036563560', 'A5108643643', 'A5047975683', 'A5102200826', 'A5057708514', 'A5102207858', 'A5028921317', 'A5060138650', 'A5011546670', 'A5067496022', 'A5067214967', 'A5043108916', 'A5030738477', 'A5087331649', 'A5052650348', 'A5062408518', 'A5070676895', 'A5090636281', 'A5054353095', 'A5062565085', 'A5064779847', 'A5082317340', 'A5012465734', 'A5055320345', 'A5065026273', 'A5022174434', 'A5002547526', 'A5015923536', 'A5034164640', 'A5061549082', 'A5073189316', 'A5073319080', 'A5003267888', 'A5009918534', 'A5081268820', 'A5001448050', 'A5058849755', 'A5090913393', 'A5102096545', 'A5072930676', 'A5059267874', 'A5072563655', 'A5054124155', 'A5018433746', 'A5024533768', 'A5003399453', 'A5033703352', 'A5045272500', 'A5046886449', 'A5081073435', 'A5080924154', 'A5046714758', 'A5006945017', 'A5039480286', 'A5066879377', 'A5004140594', 'A5037113264', 'A5070423581', 'A5086975313', 'A5091476284', 'A5103899915', 'A5067863567', 'A5055354073', 'A5060870569', 'A5063602071', 'A5022767486', 'A5034131421', 'A5046245817', 'A5058689154', 'A5069922581', 'A5070622187', 'A5083021442', 'A5099787897', 'A5002625614', 'A5033913945', 'A5089904593', 'A5113051416', 'A5062492921', 'A5060958614', 'A5044895203', 'A5083844644', 'A5040946753', 'A5023348220', 'A5081873965']"
Michael Glickman,"['A5073166748', 'A5003025827', 'A5105774260', 'A5062265003', 'A5008672180', 'A5108288455', 'A5101899127', 'A5006292204', 'A5028171947']"
Stephen Hammes,['A5039728337']
Hal Hoffman,"['A5021968451', 'A5039433878', 'A5111574804', 'A5020084332']"
Sam Hwang,"['A5110236145', 'A5070109176', 'A5080489944', 'A5090971152', 'A5079443631', 'A5053999126', 'A5032265881', 'A5085653817', 'A5072081584', 'A5045346465', 'A5103609931', 'A5081642560', 'A5085967131', 'A5110176208', 'A5028727263', 'A5047735623', 'A5110338847', 'A5109968186', 'A5102255331', 'A5082416714', 'A5109189040', 'A5110308038', 'A5084681818', 'A5113215232', 'A5031348970', 'A5016305670', 'A5087945927', 'A5023000861', 'A5058214819', 'A5110258798', 'A5015950693', 'A5109278423', 'A5023340617', 'A5025958385', 'A5052029653', 'A5110250772', 'A5108796113', 'A5109495900', 'A5040608898', 'A5037428412', 'A5004757392', 'A5017685397', 'A5115874890', 'A5098157433', 'A5061802747', 'A5112831588', 'A5110777397', 'A5033347795', 'A5095999360', 'A5016065686', 'A5103854120', 'A5114155014', 'A5048768677', 'A5100911614', 'A5053702951', 'A5016916319', 'A5042410840', 'A5063553808', 'A5000914754', 'A5041574606', 'A5000479749', 'A5033637717']"
S. Karumanchi,"['A5030159705', 'A5079292151', 'A5110128328', 'A5076227461', 'A5013574638', 'A5034267486', 'A5001292656', 'A5005681527', 'A5103390792', 'A5112252531', 'A5037868530', 'A5025354480', 'A5026786570']"
Douglas Kerr,"['A5004732387', 'A5103538432', 'A5073257558', 'A5033502986', 'A5067501142', 'A5046063093', 'A5069925562', 'A5111975207', 'A5085875631', 'A5000968416', 'A5029718560', 'A5087750815', 'A5018766711', 'A5090626145', 'A5033582770', 'A5046462793', 'A5016586099', 'A5047287902', 'A5022035113', 'A5064927312', 'A5046839410', 'A5060024001', 'A5102480423', 'A5095453452', 'A5043824657', 'A5064193102', 'A5065648552', 'A5032521067', 'A5004039561', 'A5009195126', 'A5113916230']"
Tejvir Khurana,"['A5016142795', 'A5102806689', 'A5110197228', 'A5104534629', 'A5006697058']"
Fadlo Khuri,"['A5059710197', 'A5072950726']"
Maria Abreu,"['A5012357829', 'A5084896694', 'A5042491175', 'A5021665551', 'A5063328332', 'A5019335028', 'A5060409867', 'A5086364638', 'A5038495876', 'A5112369734', 'A5002208961', 'A5075737459', 'A5043293795', 'A5056408980', 'A5069146139', 'A5083303731', 'A5113630998', 'A5041875199', 'A5007932447', 'A5107905446', 'A5048310310', 'A5037736362', 'A5067827255', 'A5012093708', 'A5034027688', 'A5066222038', 'A5004830513', 'A5101439429', 'A5035568930', 'A5102978622', 'A5079462313', 'A5107657112', 'A5080665304', 'A5053352355', 'A5025012346', 'A5103543382', 'A5002837344', 'A5076388648', 'A5069469784', 'A5087474445', 'A5066171423', 'A5069732096', 'A5031083879', 'A5009171992', 'A5060089435', 'A5053721100', 'A5009424096', 'A5063095283', 'A5082989677', 'A5111458026', 'A5011651329', 'A5069360915', 'A5056034656', 'A5001410466', 'A5083849203', 'A5067763551', 'A5101721644', 'A5100447079', 'A5103905398', 'A5100607598', 'A5106858910', 'A5034423469', 'A5015583057', 'A5100685061', 'A5064673303', 'A5091794315', 'A5103986361', 'A5090907504', 'A5024159401', 'A5044574650', 'A5035548750', 'A5054604734', 'A5001128746', 'A5090069137', 'A5072689298', 'A5020681661', 'A5072957535', 'A5001506590', 'A5006231969', 'A5108128078', 'A5056913851', 'A5044941178', 'A5051090813', 'A5041194627', 'A5049283811', 'A5003884109', 'A5035696649', 'A5079254914', 'A5103138919', 'A5109390142', 'A5091744705', 'A5029873470', 'A5104275348', 'A5067732339', 'A5077516097', 'A5010144346', 'A5009529381', 'A5029530239', 'A5002765265', 'A5055845895', 'A5061861398', 'A5049552618', 'A5039525901', 'A5028609655', 'A5068139254', 'A5114146360', 'A5109987785', 'A5066027925', 'A5070866988', 'A5088230743', 'A5109269760', 'A5034850764', 'A5062992337', 'A5074035100', 'A5007819907', 'A5089327470', 'A5084256369', 'A5044064628', 'A5013666175', 'A5111520786', 'A5051486062', 'A5103500148', 'A5021010538', 'A5033408883', 'A5038431650', 'A5061691663', 'A5097472089', 'A5037739911', 'A5020238453', 'A5004804101', 'A5027007931', 'A5037453039', 'A5021367844', 'A5103201781', 'A5082213130', 'A5109942991', 'A5078750661', 'A5089891962', 'A5061983725', 'A5009329195', 'A5034918029', 'A5016321612', 'A5012282052', 'A5023406537', 'A5109198191', 'A5014125466', 'A5082362273', 'A5113127187', 'A5033742115', 'A5051074007', 'A5035834996', 'A5076216951', 'A5046411008', 'A5070045185', 'A5087267764', 'A5084629907', 'A5110263088', 'A5016420068', 'A5018972874', 'A5026990145', 'A5102081418', 'A5010752863', 'A5055388011', 'A5002190718', 'A5070090096', 'A5026084091', 'A5062853687', 'A5044465893', 'A5061835284', 'A5108100862', 'A5019029463', 'A5014231319', 'A5089146210', 'A5010731690', 'A5051938927', 'A5001248787', 'A5053300304', 'A5031417637', 'A5072413766', 'A5104091757', 'A5088331537', 'A5030637712', 'A5067746073', 'A5037806207', 'A5010586193', 'A5112587317', 'A5103693562', 'A5049476552', 'A5045590275', 'A5103639128', 'A5055736339', 'A5013422061', 'A5056811356', 'A5085147600', 'A5082111339', 'A5032873878', 'A5012601222', 'A5013739868', 'A5047050163', 'A5084901905', 'A5030280013', 'A5082238016', 'A5071577579', 'A5060232986', 'A5058533251', 'A5103390063', 'A5038088294', 'A5112755339', 'A5005052842', 'A5002317683', 'A5109158496', 'A5050183565', 'A5031732212', 'A5089695408', 'A5055367060', 'A5065725061', 'A5018596302', 'A5063462852', 'A5034190938', 'A5029876794', 'A5014016399', 'A5096789929', 'A5109698369', 'A5000487679', 'A5083883886', 'A5001894772', 'A5007158661', 'A5074592222', 'A5105236585', 'A5112609182', 'A5104197492', 'A5017445098', 'A5084952951', 'A5110727400', 'A5103859081', 'A5043737665', 'A5110249253', 'A5026301924', 'A5027046782', 'A5036931625', 'A5113872441', 'A5032407821', 'A5111869041', 'A5018895713', 'A5111473557', 'A5002223408', 'A5085785395', 'A5027406277', 'A5102296276', 'A5034035607', 'A5080947073', 'A5010742759', 'A5063916682', 'A5068869149', 'A5037018194', 'A5018354535', 'A5027696554', 'A5108294365', 'A5049281533', 'A5049380100', 'A5077622621', 'A5104136189', 'A5018524470', 'A5052901073', 'A5052710666', 'A5008196103', 'A5026823752', 'A5036913274', 'A5001875093', 'A5109879943', 'A5047358659', 'A5067402841', 'A5011496319', 'A5103463882', 'A5083071263', 'A5038333273', 'A5002587578', 'A5084181347', 'A5018437779', 'A5079333990', 'A5108620727', 'A5048838150', 'A5082965024', 'A5008558795', 'A5018296443', 'A5033544267', 'A5088681426', 'A5004824140', 'A5044455968', 'A5033193428', 'A5045706106', 'A5045558085', 'A5082640834', 'A5050238955', 'A5030966192', 'A5067680429', 'A5004101326', 'A5021764709', 'A5044787867', 'A5071738193', 'A5081508306', 'A5015283791', 'A5002236468', 'A5038773102', 'A5035235266', 'A5011717158', 'A5060819332', 'A5059896566', 'A5061652786', 'A5073807191', 'A5054635208', 'A5065740951', 'A5080685110', 'A5043286443', 'A5101865652', 'A5108382114', 'A5017413615', 'A5090721787', 'A5024744028', 'A5040009719', 'A5041439301', 'A5112451199', 'A5000993138', 'A5012307082', 'A5037229093', 'A5046360344', 'A5031319657', 'A5076879659', 'A5113931652', 'A5109815134', 'A5001146821', 'A5059211153', 'A5024189409', 'A5066016645', 'A5019321696', 'A5000750135', 'A5065454883', 'A5001990786', 'A5062331262', 'A5109887086', 'A5112044704', 'A5063166646', 'A5019550912', 'A5061041697', 'A5059965575', 'A5012986049', 'A5112659621', 'A5088761321', 'A5098050256', 'A5055143593', 'A5042984488', 'A5032607620', 'A5020851648', 'A5102554721', 'A5017067002', 'A5102496709', 'A5000782266', 'A5008910995', 'A5056722372', 'A5106516200', 'A5004794989', 'A5108122194', 'A5066134371', 'A5005844261', 'A5104245950', 'A5091825798', 'A5038269061', 'A5048510963', 'A5063174967', 'A5109850675', 'A5069437400', 'A5037340443', 'A5113878474', 'A5102512171', 'A5057592244', 'A5035506464', 'A5076552121', 'A5006471935', 'A5053608934', 'A5108300800', 'A5017334616', 'A5051148512', 'A5112838445', 'A5053741857', 'A5071947942', 'A5014362766', 'A5020609959', 'A5015180262', 'A5087291630', 'A5059247110', 'A5007042731', 'A5091145925', 'A5045104678', 'A5078513284', 'A5072817969', 'A5073791102', 'A5024586889', 'A5112379559', 'A5065409047', 'A5032851351', 'A5056929293', 'A5000943178', 'A5040472712', 'A5014664420', 'A5090057135', 'A5007268411', 'A5074350733', 'A5086775357', 'A5028609026', 'A5038273619', 'A5056558255', 'A5109395850', 'A5018185614', 'A5040411844', 'A5072698382', 'A5075581042', 'A5048970613', 'A5095893501', 'A5104274161', 'A5001223064', 'A5102309675', 'A5109730697', 'A5045330815', 'A5008029733', 'A5008256784', 'A5013158618', 'A5045788547', 'A5096605166', 'A5103979690', 'A5080009952', 'A5059333176', 'A5086884731', 'A5087612536', 'A5051710632', 'A5079927882', 'A5096658239', 'A5096374468', 'A5063941907', 'A5053502319', 'A5079801266', 'A5067000913', 'A5098570226', 'A5114565758', 'A5012028099', 'A5042472193', 'A5096637321', 'A5033494037', 'A5061290033', 'A5066354162', 'A5096342727', 'A5085538140', 'A5097538160', 'A5085477214', 'A5110814682', 'A5009096006', 'A5052546236', 'A5092893487', 'A5097194818', 'A5082846291', 'A5060738704', 'A5114484173', 'A5005128801', 'A5006123555', 'A5047482065', 'A5039736812', 'A5055507002', 'A5049938888', 'A5040692135', 'A5084593465', 'A5022795256', 'A5070952413', 'A5032346277', 'A5059736390', 'A5048635004', 'A5084944044', 'A5086861421', 'A5103641061', 'A5074551187', 'A5036024450', 'A5056735193', 'A5061811682', 'A5056868682', 'A5006658123', 'A5005816677', 'A5023368707', 'A5080811252', 'A5110480806', 'A5005754710', 'A5051693589', 'A5060050159', 'A5079435106', 'A5093234597', 'A5031241697', 'A5019793917', 'A5008442201', 'A5035057594', 'A5055176181', 'A5013915341', 'A5033298183', 'A5004623787', 'A5104245936', 'A5062714774', 'A5023612050', 'A5053814795', 'A5011076637', 'A5009496620', 'A5037940736', 'A5099648559', 'A5034095573', 'A5025935821', 'A5039559551', 'A5104286033', 'A5114576899', 'A5114708866', 'A5016309520', 'A5015663034', 'A5050460262', 'A5022433946', 'A5028318950', 'A5048917885', 'A5065678181', 'A5070097146', 'A5071797994', 'A5107647630', 'A5063477905', 'A5059135621', 'A5114227102', 'A5009167630', 'A5011620623', 'A5016744723', 'A5022386649', 'A5033120740', 'A5082820916', 'A5088600910', 'A5105100154', 'A5108609714', 'A5025356723', 'A5053752825', 'A5056415112', 'A5091608943', 'A5099013365', 'A5099650472', 'A5108927536', 'A5089799291', 'A5046683631', 'A5054220514', 'A5093327278', 'A5006399012', 'A5025721999', 'A5083448047', 'A5083835251', 'A5087634831', 'A5005355081', 'A5030527262', 'A5052520200', 'A5062303135', 'A5067932885', 'A5100313123', 'A5114576659', 'A5006012716', 'A5007573777', 'A5036409960', 'A5051989022', 'A5059674785', 'A5099651636', 'A5007336843', 'A5015088113', 'A5113024195', 'A5021970697', 'A5103906428', 'A5106864296', 'A5115700945', 'A5004457720', 'A5021767960', 'A5023059361', 'A5058166441', 'A5060247929', 'A5111116373', 'A5114800813', 'A5115527819', 'A5026319040', 'A5091400115', 'A5008015964', 'A5016436846', 'A5027826691', 'A5035712472', 'A5043012402', 'A5060556986', 'A5103874437', 'A5113306178', 'A5028917517', 'A5043827746', 'A5047570964', 'A5055655035', 'A5077707832', 'A5099649524', 'A5091455305', 'A5050758467', 'A5043950129', 'A5000180643', 'A5003167566', 'A5041466356', 'A5077073354', 'A5082454078', 'A5113234759', 'A5114241510', 'A5040730038', 'A5109565903', 'A5001138958', 'A5003998796', 'A5022853026', 'A5048838449', 'A5056248763', 'A5059363791', 'A5077330550', 'A5077428334', 'A5102600882', 'A5106161340', 'A5107568866', 'A5109778380', 'A5113422292', 'A5006350034', 'A5033652741', 'A5045524439', 'A5046390000', 'A5048436148', 'A5055558357', 'A5102541255', 'A5102557198', 'A5111396251', 'A5068470317', 'A5010215532', 'A5014188585', 'A5041016882', 'A5069558642', 'A5082667656', 'A5083958910', 'A5086196873', 'A5088384538', 'A5102640262', 'A5109796529', 'A5112516423', 'A5048842195', 'A5071008741', 'A5092223623', 'A5002406043', 'A5018609703', 'A5037756233', 'A5064419243', 'A5064588778', 'A5089544769', 'A5094067644', 'A5104170075', 'A5113043185', 'A5092620723', 'A5092190427', 'A5010285246', 'A5018903809', 'A5025862945', 'A5034900241', 'A5081845950', 'A5000032639', 'A5004391250', 'A5019772109', 'A5020967352', 'A5044354019', 'A5062997175', 'A5064928766', 'A5069601329', 'A5089555617', 'A5092895173', 'A5106929491', 'A5107507069', 'A5111121353', 'A5114820883', 'A5075404847', 'A5032992041', 'A5035232647', 'A5065506526', 'A5074838477', 'A5078252321', 'A5102681806', 'A5107200348', 'A5020538896', 'A5009399520', 'A5002574457', 'A5014288368', 'A5039175876', 'A5070409042', 'A5076209865', 'A5112973347', 'A5115706386', 'A5027773651', 'A5030229545', 'A5043868481', 'A5059267077', 'A5063907795', 'A5067657533', 'A5074903607', 'A5102557609', 'A5106207697', 'A5108117014', 'A5113364705', 'A5114904502', 'A5115079893', 'A5115633680', 'A5008126501', 'A5050027805', 'A5006929678', 'A5010242260', 'A5010944516', 'A5016202986', 'A5021671978', 'A5038174948', 'A5040034881', 'A5045465760', 'A5046334522', 'A5054283404', 'A5058219852', 'A5060300434', 'A5066471993', 'A5087784039', 'A5113343012', 'A5061808497', 'A5073921202', 'A5040190679', 'A5084803371', 'A5091143039', 'A5099586018', 'A5108343886', 'A5110935092', 'A5113090756', 'A5113113634', 'A5083136652', 'A5045581016', 'A5046090118', 'A5051444337', 'A5052823577', 'A5058039468', 'A5075863003', 'A5085887546', 'A5101301933', 'A5106211990', 'A5049595106', 'A5093687920', 'A5080416815', 'A5040754224', 'A5007734788', 'A5027088254', 'A5080151750', 'A5051345742', 'A5114506850', 'A5080079321', 'A5087070869', 'A5005682753', 'A5015800427', 'A5033164612', 'A5098563107', 'A5102522851', 'A5022374846', 'A5076548615', 'A5033211493', 'A5000982526', 'A5065114832', 'A5007395142', 'A5022294977', 'A5076855977', 'A5098278654', 'A5023257382', 'A5035101540', 'A5059641532', 'A5066634035', 'A5072951784', 'A5114124638', 'A5022732058', 'A5063500097', 'A5032126415', 'A5071877243', 'A5088964631', 'A5089305824', 'A5091792280', 'A5006213917', 'A5032454845', 'A5045322133', 'A5050941470', 'A5057981028', 'A5113072550', 'A5054006261', 'A5113106415', 'A5029450292', 'A5053581654', 'A5059545708', 'A5059766851', 'A5079013966', 'A5081284606', 'A5103736176', 'A5112662434', 'A5113325605', 'A5113406092', 'A5076459669', 'A5004990113', 'A5010566748', 'A5021315220', 'A5045592927', 'A5064737550', 'A5094180635', 'A5101368843', 'A5005459961', 'A5028383165', 'A5078327815', 'A5088129755', 'A5086556338', 'A5092893887', 'A5044355642', 'A5052945299', 'A5072747411', 'A5083183256', 'A5046861746', 'A5036389797', 'A5063701700', 'A5031549975', 'A5033544277', 'A5045106662', 'A5113014773', 'A5051559152', 'A5054573726', 'A5021960362', 'A5029740457', 'A5080244327', 'A5038671362', 'A5050169228', 'A5092010114', 'A5061447423', 'A5088134142', 'A5055621945', 'A5019193158', 'A5060203044', 'A5071493846', 'A5101307204', 'A5109747992', 'A5092010848', 'A5101264403', 'A5064113813', 'A5031019024', 'A5053918664', 'A5112682326', 'A5081034794', 'A5016367933', 'A5060399398', 'A5051332696', 'A5002918355', 'A5089816197', 'A5044360920', 'A5032820114', 'A5088218481', 'A5102552611', 'A5080970681', 'A5005674187', 'A5085359124', 'A5037127526', 'A5039250740', 'A5092071314', 'A5113653829', 'A5109510068', 'A5092095412', 'A5103597530', 'A5108476045', 'A5089748452', 'A5003898671', 'A5114208943', 'A5021815090', 'A5049875456', 'A5080857703', 'A5092707298', 'A5114603978', 'A5005600957', 'A5110708975', 'A5015110572', 'A5103876223', 'A5054459955', 'A5026406605', 'A5077957390', 'A5054344716', 'A5075481771', 'A5059928589', 'A5047336889', 'A5010260522', 'A5011849935', 'A5047290185', 'A5104365016', 'A5055544207', 'A5030762979', 'A5059849458', 'A5066193815', 'A5035560668', 'A5024482320', 'A5034352878', 'A5066560703', 'A5070250697', 'A5104886172', 'A5108327935', 'A5032614613', 'A5053156932', 'A5109751769', 'A5008984171', 'A5002765671', 'A5075143882', 'A5056777879', 'A5037068400', 'A5004981654', 'A5062764251', 'A5038882385', 'A5112638056', 'A5067264836']"
Michael Ackerman,"['A5055125250', 'A5027537853', 'A5078615783', 'A5015321599', 'A5091520138', 'A5024728299', 'A5097863741', 'A5007819234', 'A5033355494', 'A5099429425', 'A5036133001', 'A5066005987', 'A5114888313', 'A5105895179', 'A5102449657', 'A5042740195', 'A5074905861', 'A5048292654', 'A5022374749', 'A5022654085', 'A5018029928', 'A5091573279', 'A5086062583', 'A5045761689']"
David Andes,"['A5028256879', 'A5029899240', 'A5036201556', 'A5042460482', 'A5003144900']"
Scott Armstrong,"['A5036713900', 'A5012956545', 'A5031118813', 'A5084531994', 'A5038797648', 'A5010988763', 'A5032392298', 'A5085873463', 'A5083508865', 'A5087793149', 'A5078806665', 'A5006600102', 'A5113736443', 'A5078305353', 'A5015474167', 'A5071161871', 'A5088553118', 'A5068296486', 'A5010826495', 'A5065951771', 'A5049866812', 'A5011708002', 'A5031681342', 'A5003610351', 'A5030415796', 'A5056665989', 'A5112552295', 'A5087103693', 'A5004054449', 'A5066244007', 'A5044905861', 'A5059704017', 'A5102136439', 'A5066059675', 'A5003847501', 'A5030200436', 'A5059528952', 'A5111658359', 'A5042722493', 'A5090086798', 'A5084761569', 'A5096826471', 'A5110552140', 'A5020518264', 'A5006312040', 'A5041666916', 'A5014007959', 'A5058687325', 'A5030825683', 'A5020827082', 'A5045250177', 'A5086369442', 'A5015387427', 'A5024455917', 'A5112412192', 'A5102233193', 'A5002608330', 'A5039690573', 'A5003847954', 'A5079473517', 'A5002032691', 'A5008453484']"
R. Barr,"['A5070233463', 'A5070568008', 'A5086381858', 'A5084991338', 'A5053842284', 'A5103134292', 'A5030622346', 'A5035132730', 'A5038576411', 'A5041108223', 'A5113639716', 'A5046029043', 'A5073719596', 'A5044116364', 'A5006112878', 'A5015647719', 'A5029462063', 'A5034504172', 'A5102758620', 'A5078822965', 'A5055819797', 'A5026344718', 'A5014324594', 'A5109858419', 'A5051463887', 'A5037001168', 'A5108471949', 'A5111741570', 'A5046934686', 'A5032689117', 'A5083051636', 'A5041030818', 'A5103965972', 'A5113712399', 'A5063726832', 'A5111786205', 'A5041976817', 'A5068006648', 'A5007653434', 'A5017851327', 'A5086263872', 'A5019121891', 'A5075405603', 'A5021348881', 'A5104977918', 'A5112437606', 'A5045429352', 'A5110455268', 'A5103512240', 'A5057139770', 'A5061452631', 'A5020067075', 'A5078755321', 'A5049051699', 'A5110192078', 'A5108596043', 'A5044529236', 'A5033361852', 'A5085039652', 'A5013765108', 'A5002779982', 'A5057314209', 'A5030090193', 'A5009293864', 'A5036421051', 'A5066225285', 'A5110470411', 'A5111664186', 'A5031574886', 'A5067421338', 'A5001177713', 'A5017133248', 'A5069696859', 'A5043620918', 'A5062186383', 'A5051120435', 'A5067135821', 'A5003396427', 'A5047595269', 'A5078541991', 'A5029737654', 'A5111910811', 'A5037588174', 'A5048248411', 'A5064253064', 'A5108562057', 'A5014800570', 'A5017428401', 'A5033442876', 'A5052091052', 'A5046626075', 'A5096694537', 'A5110139238', 'A5016762162', 'A5056471338', 'A5047638646', 'A5046009797', 'A5029239057', 'A5064281214', 'A5087335429', 'A5081122067', 'A5051581106', 'A5059440895', 'A5089177662', 'A5103790634', 'A5039319259', 'A5015963584', 'A5013655602', 'A5111698538', 'A5070592602', 'A5049654265', 'A5026523336', 'A5073075328', 'A5048999009', 'A5090252663', 'A5083124771', 'A5042472419', 'A5032145273', 'A5031981054', 'A5001680689', 'A5039105663', 'A5080489787', 'A5041123126', 'A5020325410', 'A5004615906', 'A5114004009', 'A5103640370', 'A5070894326', 'A5103294512', 'A5088163731', 'A5037966481', 'A5009194695', 'A5058240855', 'A5110353052', 'A5013174755', 'A5037704659', 'A5031477974', 'A5022073614', 'A5006199193', 'A5084368913', 'A5089010077', 'A5044752796', 'A5075020155', 'A5031735041', 'A5049737711', 'A5112767146', 'A5026746977', 'A5114053085', 'A5027497741', 'A5022206324', 'A5090022929', 'A5037397845', 'A5109558726', 'A5089920742', 'A5057129966', 'A5021146481', 'A5015200564', 'A5067144130', 'A5082713266', 'A5113436426', 'A5060169121', 'A5018048081', 'A5070785807', 'A5011311923', 'A5037906420', 'A5069249521', 'A5109952647', 'A5063057195', 'A5112110021', 'A5001846818', 'A5042167226', 'A5037344847', 'A5063023842', 'A5032150346', 'A5070923815', 'A5039398988', 'A5036886878', 'A5017852828', 'A5028518586', 'A5084337055', 'A5112976575', 'A5088099592', 'A5047543990', 'A5034504013', 'A5036250632', 'A5068340291', 'A5012162266', 'A5055509624', 'A5097745173', 'A5071059054', 'A5011984531', 'A5083079088', 'A5017996667', 'A5033635119', 'A5083169252', 'A5074583898', 'A5036518517', 'A5032471058', 'A5040238626', 'A5017250172', 'A5090978634', 'A5084284282', 'A5066157724', 'A5036860447', 'A5086071070', 'A5041949579', 'A5012975923', 'A5037606877', 'A5011352896', 'A5030670481', 'A5030911019', 'A5083554354', 'A5104357040', 'A5024898353', 'A5072615833', 'A5051288122', 'A5047338580', 'A5058187715', 'A5087517657', 'A5072899690', 'A5036938471', 'A5014866764', 'A5067380064', 'A5096466346', 'A5057657598', 'A5002085658', 'A5009060195', 'A5019793163', 'A5110939051', 'A5067181435', 'A5060199128', 'A5067524958', 'A5076010308', 'A5029439117', 'A5018315576', 'A5085865966', 'A5020734363', 'A5036285016', 'A5002970592', 'A5063315881', 'A5030122615', 'A5086152275', 'A5002604887', 'A5066343028', 'A5052746048', 'A5042194680', 'A5045248716', 'A5048348019', 'A5063428406', 'A5073667300', 'A5003240302', 'A5006288238', 'A5008665545', 'A5065619738', 'A5077128776', 'A5046496929', 'A5018740058', 'A5024642215', 'A5085826689', 'A5037242325', 'A5074590058', 'A5004707362', 'A5040504228']"
Marcel Behr,"['A5088232668', 'A5105891390', 'A5031730085', 'A5051629076', 'A5104775460', 'A5048050561', 'A5005650876']"
Daniel Benjamin,"['A5023757786', 'A5076556014', 'A5049772842', 'A5038770526', 'A5110020093', 'A5002740896', 'A5087267927', 'A5059524561', 'A5091511188', 'A5108126072', 'A5027079032', 'A5040314201', 'A5029604628', 'A5012556136', 'A5080914561', 'A5041289637', 'A5057564866', 'A5015639805', 'A5110109746', 'A5087521111', 'A5036491837', 'A5053697690', 'A5004244390', 'A5017446368', 'A5112215898', 'A5034757003', 'A5064767565', 'A5086530387', 'A5029072063', 'A5063182470', 'A5004060475', 'A5110232744', 'A5003207020', 'A5090538990', 'A5031125410', 'A5103080739', 'A5014115930', 'A5079785138', 'A5083587139', 'A5022472076', 'A5113437458', 'A5049940311', 'A5044414766', 'A5041253762', 'A5011802262', 'A5103716258', 'A5054046213', 'A5064970090', 'A5022457751', 'A5012846436', 'A5072715742', 'A5086389290', 'A5072761831', 'A5102829915', 'A5030993989', 'A5067480948', 'A5056319270', 'A5082034852', 'A5064258647', 'A5017511928', 'A5089875317', 'A5103495593', 'A5027559407', 'A5052827730', 'A5021055845', 'A5101416157', 'A5032101062', 'A5108636333', 'A5014629882', 'A5056784968', 'A5054904515', 'A5110875788', 'A5044454587', 'A5086755709', 'A5072474185', 'A5003810413', 'A5113993018', 'A5072193247', 'A5076361294', 'A5002042633', 'A5036740303', 'A5011604871', 'A5111819041', 'A5059538847', 'A5088219293', 'A5031444835', 'A5044824413', 'A5048949528', 'A5002397548', 'A5110070385', 'A5110448609', 'A5024773591', 'A5073898138', 'A5088176646', 'A5073493039', 'A5102126723', 'A5042731509', 'A5033822640', 'A5086679682', 'A5044669650', 'A5059646444', 'A5026337489', 'A5018048656', 'A5046500254', 'A5040396318', 'A5087609585', 'A5073521968', 'A5048478316', 'A5102386140', 'A5038852635', 'A5022483773', 'A5012969465', 'A5008265981', 'A5103681422', 'A5053066285', 'A5068953211', 'A5073031873', 'A5078439328', 'A5034605383', 'A5056109357', 'A5085133619', 'A5062594473', 'A5087130458', 'A5057593664', 'A5009230733', 'A5004767158', 'A5078960582', 'A5081791261', 'A5063725894', 'A5053939072', 'A5085140498', 'A5049386389', 'A5026793397', 'A5058029768', 'A5020694691', 'A5021442286', 'A5108767907', 'A5083272269', 'A5036807089', 'A5043471399', 'A5058393012', 'A5032945103', 'A5014234098', 'A5085101798', 'A5025585416', 'A5039489774', 'A5104195244', 'A5057155588', 'A5079841092', 'A5047188462', 'A5071704829', 'A5045829864', 'A5052804080', 'A5032120939', 'A5042318718', 'A5042715859', 'A5056135297', 'A5081017211', 'A5083445876', 'A5070994809', 'A5045947444', 'A5041949938', 'A5085338824', 'A5091817658', 'A5021361908', 'A5053841645', 'A5078983697', 'A5107044241', 'A5007600112', 'A5027406395', 'A5065906640', 'A5019068002', 'A5062812950', 'A5003605172', 'A5066932429', 'A5019148529', 'A5011634957', 'A5026418918', 'A5078219738', 'A5011727152', 'A5098782782', 'A5098786352', 'A5089103901', 'A5036061119', 'A5072820012', 'A5026053273', 'A5036467871', 'A5049899660', 'A5078580372', 'A5034669633', 'A5036299897', 'A5104812599', 'A5017034513', 'A5062290914', 'A5099334279', 'A5020596645', 'A5021103278', 'A5027251017', 'A5068303722', 'A5072429498', 'A5115067057', 'A5070027479', 'A5025685103', 'A5068492382', 'A5070154527', 'A5017345705', 'A5082471869', 'A5066824768', 'A5102675777', 'A5098792414', 'A5106797822', 'A5098796869', 'A5098788444', 'A5046913516', 'A5044410071', 'A5089714412', 'A5038311678', 'A5105099554', 'A5098826402', 'A5109724299', 'A5109724283', 'A5111211895', 'A5098830650', 'A5098826912', 'A5104313281', 'A5070562414', 'A5001000443']"
Ernesto Bernal-Mizrachi,"['A5027447629', 'A5111895238', 'A5112594024', 'A5043589646']"
Kirsten Bibbins-Domingo,"['A5086681800', 'A5001455801', 'A5114393830', 'A5093248106', 'A5046279885']"
Catherine Bollard,"['A5006134549', 'A5105091305', 'A5112778406']"
Marcus Bosenberg,"['A5076813249', 'A5070308097']"
Russ Carstens,"['A5028064851', 'A5105086357', 'A5086917384']"
Benjamin Chen,"['A5026884851', 'A5081901930', 'A5101581392', 'A5044399818', 'A5101581394', 'A5074876289', 'A5100675173', 'A5065451470', 'A5040919062', 'A5072797566', 'A5082435206', 'A5073553823', 'A5110202805', 'A5104120646', 'A5103540827', 'A5012673527', 'A5043127241', 'A5101581393', 'A5028550782', 'A5014551817', 'A5075837987', 'A5079592875', 'A5087689218', 'A5091461670', 'A5059679890', 'A5051171932', 'A5072512990', 'A5056405041', 'A5035336979', 'A5109962812', 'A5043505656', 'A5107932927', 'A5091235282', 'A5087876497', 'A5058675482', 'A5024753648', 'A5069140944', 'A5022528412', 'A5051702766', 'A5026819644', 'A5045247144', 'A5029932938', 'A5011195903', 'A5073369748', 'A5013859430', 'A5046686736', 'A5065883389', 'A5036113849', 'A5019712891', 'A5019979769', 'A5090519216', 'A5101028298', 'A5040061036', 'A5091855823', 'A5076514304', 'A5033717982', 'A5036552522', 'A5010892878', 'A5031651930', 'A5066839859', 'A5112932103', 'A5084570832']"
Emily Cheng,"['A5103090213', 'A5074895088', 'A5061030806', 'A5007005848', 'A5103910269', 'A5032726830', 'A5110716495', 'A5037277329', 'A5006231848', 'A5102395311', 'A5085189695', 'A5076773706', 'A5060898506', 'A5005772053', 'A5045097761', 'A5016180175', 'A5113018499', 'A5009245081', 'A5106855592', 'A5099012223', 'A5065740738', 'A5095909762', 'A5044676975', 'A5080144147']"
Charleen Chu,['A5060252949']
John Chute,"['A5083678047', 'A5028780186', 'A5053855789', 'A5043514176']"
E. Connolly,"['A5033495424', 'A5032272395', 'A5050756712', 'A5103752555', 'A5108516779', 'A5108535723', 'A5057534856', 'A5110212454', 'A5022593789', 'A5110107820', 'A5082859800', 'A5027662063', 'A5077244751', 'A5042913118', 'A5110316203', 'A5033835581', 'A5003217224', 'A5042121005', 'A5071028355', 'A5029522606', 'A5082784295', 'A5038488647', 'A5035867108', 'A5105986651', 'A5031889207', 'A5016217731', 'A5012915951', 'A5008983806', 'A5101791830', 'A5031316983', 'A5004746921', 'A5108191856', 'A5085628194', 'A5103339180', 'A5088699912', 'A5019473286', 'A5108833588', 'A5111759619', 'A5061852073', 'A5037185361', 'A5039287446', 'A5114162244', 'A5103979650', 'A5035514775', 'A5066449526', 'A5033192475', 'A5103510239', 'A5066954356', 'A5085730174', 'A5069692348', 'A5063956839', 'A5068548883', 'A5050183205', 'A5084378607', 'A5016257489', 'A5088029158', 'A5086617675', 'A5043138060', 'A5111927377', 'A5010173596', 'A5103835805', 'A5024764985', 'A5103488215', 'A5103559229', 'A5020252306', 'A5102891409', 'A5023715554', 'A5048011079', 'A5008671181', 'A5017391552', 'A5109815080', 'A5003711817', 'A5106021651', 'A5047646573', 'A5110519428', 'A5081295184', 'A5068010870', 'A5041117141', 'A5044303623', 'A5063009749', 'A5063748218', 'A5052841329', 'A5030879617', 'A5083504284', 'A5107658857', 'A5073338960', 'A5006684404', 'A5068592435', 'A5048970323', 'A5076030248', 'A5060915410', 'A5023030430', 'A5033084806', 'A5062029024', 'A5051306585', 'A5041414988', 'A5091883077', 'A5020091499', 'A5027113593', 'A5026651745', 'A5063748704', 'A5080871481', 'A5005002813', 'A5052592852', 'A5004026315', 'A5033997422', 'A5035303105', 'A5046412721', 'A5065042629', 'A5038763489', 'A5022296260', 'A5081253118', 'A5064709008', 'A5082860202', 'A5011858640', 'A5085344906', 'A5035113013', 'A5085604471', 'A5057405219', 'A5098321889', 'A5021221565', 'A5088386757', 'A5041068690', 'A5085851958', 'A5000107731', 'A5033850099', 'A5061379840', 'A5087069115', 'A5026028297', 'A5104075116', 'A5001902940', 'A5103417874', 'A5016777380', 'A5071018883', 'A5021300312', 'A5016222048', 'A5039685799', 'A5110633221', 'A5006720226', 'A5102186672', 'A5012966543', 'A5061506699', 'A5104691732', 'A5013401532', 'A5089480756', 'A5087319524', 'A5097699702', 'A5104835589', 'A5107514665', 'A5048227464', 'A5099667287', 'A5076506718', 'A5104711434', 'A5107611038', 'A5066943256', 'A5085515956', 'A5004664744', 'A5106355889', 'A5104672521', 'A5061238131', 'A5099651626', 'A5027950054', 'A5104784323', 'A5107474255', 'A5039864957', 'A5070011325', 'A5104733458', 'A5104888104', 'A5112210618', 'A5094657973', 'A5004048605', 'A5026296276', 'A5017046544', 'A5076701018', 'A5021604516', 'A5103781873', 'A5078123094', 'A5004505273', 'A5054485366', 'A5050954611', 'A5062057398', 'A5006745455', 'A5008744180', 'A5076978017', 'A5043532298', 'A5013091232', 'A5057537825', 'A5072945036', 'A5013318177', 'A5079540272']"
Jonathan Dranoff,"['A5033862323', 'A5031878013', 'A5102918849', 'A5006818881', 'A5104811821']"
R. Dudley,"['A5052786052', 'A5108596586', 'A5090952990', 'A5030418835', 'A5000346379', 'A5076933381', 'A5033577649', 'A5074631886', 'A5077181427', 'A5102897042', 'A5021734646', 'A5109204669', 'A5112194583', 'A5113685889', 'A5111548803', 'A5042492180', 'A5066531795', 'A5111603388', 'A5003968317', 'A5103279338', 'A5015784887', 'A5025852589', 'A5111644983', 'A5043493917', 'A5049360992', 'A5037582427', 'A5111547108', 'A5019560900', 'A5043220911', 'A5031618500', 'A5007908098', 'A5113910424', 'A5091884410', 'A5109132339', 'A5112818168', 'A5110399959', 'A5020695639', 'A5042561554', 'A5112066677', 'A5114252017', 'A5103116309', 'A5057713265', 'A5051494622', 'A5039871418', 'A5054278728', 'A5076711922', 'A5029595782', 'A5051060779', 'A5083209346', 'A5112138200', 'A5040621966', 'A5075276917', 'A5017416598', 'A5038381702', 'A5015674841', 'A5062069241', 'A5042918496', 'A5051030852', 'A5113496299', 'A5109247754', 'A5074528391', 'A5072110762', 'A5109139544', 'A5040027924', 'A5047313580', 'A5051553229', 'A5076647839', 'A5109070650', 'A5049258880', 'A5110107412', 'A5051173493', 'A5002694791', 'A5062425582', 'A5033665824', 'A5084698737', 'A5112768055', 'A5055670885', 'A5041385924', 'A5002178509', 'A5069430742', 'A5103497504', 'A5045464558', 'A5018801674', 'A5031591177', 'A5024784364', 'A5077593379', 'A5059366240', 'A5037309610', 'A5062168331', 'A5049152392', 'A5046823490', 'A5076245800', 'A5084620321', 'A5013735572', 'A5017650036', 'A5011014163', 'A5059861115', 'A5098283487', 'A5058375309', 'A5000519769', 'A5097403124', 'A5072312358', 'A5049610735', 'A5085542624', 'A5076422735', 'A5019609078', 'A5076555799', 'A5003197300', 'A5058334322', 'A5059444990', 'A5076886159', 'A5017172846', 'A5039113407', 'A5034333462', 'A5061549450', 'A5054150395', 'A5003612955', 'A5049675434', 'A5073284224', 'A5033923813', 'A5067853767', 'A5068907869', 'A5012962577', 'A5041103121', 'A5023938753', 'A5077166234', 'A5103907971', 'A5083151037', 'A5003175399', 'A5056278585', 'A5020120881', 'A5056185887', 'A5019443961', 'A5013150348', 'A5003631879', 'A5075110166', 'A5018567960', 'A5050038013', 'A5051165822', 'A5031770275', 'A5023521283', 'A5087829132', 'A5054147923', 'A5077710652', 'A5023876518', 'A5069193097', 'A5109250187', 'A5042664991', 'A5013126712', 'A5031845656', 'A5002709431', 'A5044585229', 'A5077362802', 'A5009654499', 'A5043391624', 'A5013957387', 'A5004516389', 'A5004576870', 'A5025937635', 'A5060900297', 'A5109323715', 'A5079452082', 'A5109327310', 'A5035023272', 'A5030986124', 'A5056356071', 'A5020938912', 'A5081105566', 'A5077778812', 'A5027194758', 'A5052012849', 'A5067140023', 'A5085031606', 'A5011446941', 'A5035231648', 'A5043686903', 'A5008690542', 'A5031702873', 'A5062693391', 'A5096774623', 'A5013003516', 'A5026164440', 'A5090101024', 'A5011609515', 'A5039435803', 'A5057113282', 'A5053491139', 'A5038220155', 'A5028758568', 'A5049759050', 'A5039461676', 'A5078221810', 'A5094017431', 'A5020526876', 'A5015761257', 'A5054102969', 'A5006401428', 'A5038531239', 'A5053789452', 'A5067179182', 'A5086487139', 'A5091414114', 'A5096810174', 'A5026155962', 'A5019316388', 'A5031230123', 'A5047520336', 'A5077984161', 'A5054180936', 'A5061400520', 'A5008538272', 'A5053365362', 'A5063491184', 'A5039093472', 'A5041554655', 'A5072734410', 'A5001660231', 'A5016303921', 'A5039005469', 'A5054548137', 'A5082591227', 'A5089692164', 'A5112052513', 'A5049367770', 'A5090960085', 'A5070634558', 'A5020212257', 'A5048730099', 'A5033881298']"
Charles Eberhart,"['A5019028542', 'A5070311362', 'A5016863962', 'A5109771191', 'A5029866521', 'A5039625351', 'A5106801866', 'A5110357723']"
Charles Esmon,"['A5103512554', 'A5108793361', 'A5113637029', 'A5107599391', 'A5109977390', 'A5105754508', 'A5033276040', 'A5065511769', 'A5090845976']"
Francisco Esteva,"['A5087724207', 'A5079580178', 'A5069969784', 'A5103607374', 'A5051895827', 'A5040312270', 'A5076264630', 'A5002782663']"
Nikolaos Frangogiannis,"['A5076301308', 'A5112112065', 'A5115525382']"
Ali Gharavi,"['A5085511376', 'A5113787337', 'A5082473539', 'A5021368627', 'A5004409246', 'A5109628423', 'A5028617885', 'A5041646984', 'A5096799814']"
Larry Allen,"['A5087791202', 'A5021785370', 'A5024719652', 'A5061532441', 'A5089543830', 'A5062599810', 'A5108585914', 'A5007141260', 'A5018309885', 'A5103537733', 'A5073087633', 'A5002134607', 'A5059266191', 'A5085413512', 'A5009116498', 'A5017131844', 'A5109052712', 'A5059150649', 'A5057567776', 'A5109190583', 'A5037792260', 'A5029591840', 'A5043575021', 'A5010581395', 'A5005144554', 'A5067432832', 'A5112981451', 'A5026383371', 'A5031479962', 'A5062748675', 'A5061164888', 'A5086837871', 'A5051273260', 'A5081716315', 'A5111638078', 'A5007417004', 'A5064754620', 'A5080713784', 'A5047442379', 'A5111376735', 'A5022305898', 'A5103636881', 'A5109091944', 'A5010210177', 'A5071616232', 'A5068232255', 'A5106787880', 'A5049071153', 'A5113903481', 'A5002533366', 'A5074691044', 'A5062336200', 'A5003561316', 'A5112819963', 'A5078252554', 'A5060720197', 'A5041464574', 'A5006936199', 'A5021865579', 'A5024810101', 'A5025233614', 'A5048547615', 'A5087115081', 'A5037513563', 'A5059287499', 'A5076808130', 'A5094408400', 'A5057218298', 'A5005752869', 'A5027491541', 'A5077027268', 'A5071270434', 'A5030615922', 'A5054177590', 'A5011926186', 'A5061252660', 'A5057589253', 'A5061610708', 'A5076805173', 'A5041010548', 'A5033245794']"
Rishi Arora,"['A5053931115', 'A5114067392']"
Themistocles Assimes,"['A5008652100', 'A5025427750', 'A5024378043']"
Jared Baeten,"['A5064486492', 'A5084606213']"
Christopher Barbieri,"['A5031824245', 'A5027036766', 'A5038682688']"
Julie Bastarache,"['A5046756619', 'A5104874315']"
Justin Bekelman,"['A5043470257', 'A5081744646', 'A5099200215']"
Tammie Benzinger,"['A5000597778', 'A5034546209', 'A5103717356', 'A5045637896', 'A5064262484', 'A5061313488']"
Gregory Bisson,['A5111496863']
David Boulware,"['A5027410574', 'A5087985396', 'A5113480960', 'A5024792956', 'A5066321808', 'A5033251817', 'A5105819189', 'A5059052685', 'A5007961951']"
Scott Boyd,"['A5064302758', 'A5033810819', 'A5112360098', 'A5017104301', 'A5103446531', 'A5002725907', 'A5110887959', 'A5076350946', 'A5035192251', 'A5029621820', 'A5114246316', 'A5072966766', 'A5006570728', 'A5065615111', 'A5059346482', 'A5082918894', 'A5112420141', 'A5071948214', 'A5078703517', 'A5066815242', 'A5069142906', 'A5037296924', 'A5113534624', 'A5081207450', 'A5011126946', 'A5110882993', 'A5029747615', 'A5008846494', 'A5084357118', 'A5091682726', 'A5028345571', 'A5080779885']"
Katrin Chua,"['A5081962222', 'A5075369527']"
Sara Cosgrove,"['A5018437292', 'A5093576123', 'A5109905279', 'A5042177431', 'A5112322039']"
Deidra Crews,"['A5050973509', 'A5046631251']"
Saumya Das,"['A5017137382', 'A5028654999', 'A5110954299', 'A5104081748', 'A5071259660', 'A5101075692', 'A5114067466', 'A5058751541', 'A5091083422', 'A5052990880', 'A5013958743', 'A5072844023']"
Tushar Desai,"['A5071885288', 'A5044234680', 'A5010508230', 'A5065630898', 'A5066607459', 'A5108597989', 'A5014013478', 'A5038517155', 'A5111329557', 'A5062685667', 'A5072776742', 'A5003665983', 'A5012627663', 'A5003446942', 'A5012678634', 'A5045030248', 'A5043868101', 'A5098491777', 'A5053265001', 'A5059779194', 'A5011869140', 'A5085058852', 'A5030258240', 'A5021490362']"
Joseph Duncan,"['A5028921086', 'A5037358522', 'A5020587483', 'A5027073257', 'A5076263381', 'A5006600648', 'A5023107270', 'A5033458976', 'A5006680945', 'A5034060386', 'A5052062656', 'A5025743056', 'A5101157070', 'A5091430659', 'A5054640224', 'A5036772521', 'A5057462567', 'A5103361871', 'A5035923444', 'A5013478339', 'A5098912409', 'A5068712413', 'A5024053584', 'A5041666894', 'A5078029721', 'A5053740156', 'A5003110949', 'A5074877479', 'A5022208796', 'A5036225805', 'A5001027050', 'A5039516333']"
Stephanie Eisenbarth,"['A5062513388', 'A5086015486', 'A5098178015']"
Jordan Feld,"['A5049864482', 'A5108514489', 'A5102462302', 'A5104323196', 'A5064830398', 'A5017360910']"
Maria Figueroa,"['A5009275849', 'A5048199460', 'A5054431167', 'A5044765327', 'A5057723854', 'A5045127814', 'A5080333716', 'A5114215467', 'A5113827842', 'A5042995035', 'A5018876708', 'A5019058921', 'A5047565443', 'A5053238171', 'A5055039392', 'A5113967785', 'A5078443017', 'A5103030491', 'A5112142100', 'A5025793099', 'A5063075499', 'A5014998256', 'A5028146584', 'A5007878868', 'A5019125486', 'A5073844612', 'A5069323495', 'A5051126573', 'A5066323203', 'A5108611931', 'A5050903913', 'A5073819662', 'A5110533285', 'A5080570309', 'A5086255852', 'A5087829991', 'A5047943832', 'A5107827775', 'A5015646133', 'A5019132742', 'A5025712097', 'A5108388954', 'A5108707998', 'A5064173211', 'A5086584521', 'A5078498987', 'A5074941322', 'A5050870468', 'A5102763788', 'A5043158960', 'A5098455841', 'A5007609775', 'A5102174225', 'A5022584083', 'A5008072069', 'A5083147315', 'A5028138569', 'A5112643628', 'A5027066121', 'A5062215314', 'A5045710775', 'A5101907645', 'A5008810107', 'A5019790728', 'A5052332321', 'A5037707651', 'A5072825603', 'A5045867210', 'A5054047391', 'A5084202067', 'A5060440995', 'A5029205766', 'A5042732526', 'A5061536687', 'A5065374362', 'A5012110389', 'A5085722709', 'A5031026960', 'A5008608240', 'A5033777214', 'A5003924353', 'A5020596842', 'A5045350339', 'A5113294811', 'A5008777404', 'A5091389221', 'A5110339713', 'A5024043409', 'A5021590293', 'A5029377716', 'A5053307450', 'A5087972792', 'A5030159456', 'A5089317174', 'A5111120259', 'A5071563695', 'A5010339203', 'A5109858005', 'A5110334588', 'A5029255036', 'A5012462399', 'A5021507877', 'A5084538098', 'A5005811552', 'A5069457666', 'A5101696672', 'A5038311588', 'A5114059970', 'A5067037975', 'A5075422400', 'A5070066017', 'A5046646947', 'A5096997210', 'A5011760774', 'A5112723692', 'A5024076880', 'A5056838100', 'A5059000204', 'A5017958933', 'A5027192646', 'A5043485970', 'A5080074488', 'A5011228374', 'A5084818793', 'A5056889289', 'A5079849614', 'A5044226300', 'A5069265092', 'A5032442661', 'A5008998923', 'A5041599048', 'A5110704308', 'A5018548964', 'A5071008242', 'A5059453403', 'A5032052324', 'A5049660165', 'A5052172408', 'A5073596565', 'A5032405626', 'A5113849815', 'A5035832911', 'A5066932960', 'A5067839709', 'A5079358762', 'A5041613175', 'A5066418397', 'A5056721865', 'A5033328722', 'A5049936255', 'A5042166085', 'A5088271089', 'A5000186804', 'A5065702555', 'A5046602691', 'A5030854295', 'A5070030534', 'A5072879349', 'A5056552776', 'A5077740032', 'A5019331348', 'A5041278216', 'A5069574845', 'A5021473978', 'A5004467748', 'A5022032086', 'A5113722573', 'A5032953602', 'A5016550326', 'A5061235856', 'A5033483662', 'A5003918532', 'A5060188321', 'A5103603423', 'A5028494464', 'A5076002034', 'A5048832884', 'A5086215136', 'A5079975945', 'A5091660831', 'A5109068619', 'A5085687542', 'A5111257183', 'A5007864806', 'A5011991901', 'A5082592499', 'A5036129073', 'A5046303743', 'A5077780976', 'A5025470682', 'A5075261184', 'A5079406807', 'A5112416681', 'A5113485841', 'A5015745260', 'A5012892864', 'A5077764542', 'A5099849293', 'A5064131623', 'A5102586365', 'A5043848544', 'A5090792040', 'A5064571989', 'A5057543352', 'A5101396395', 'A5032816031', 'A5014995529', 'A5056351928', 'A5070978942', 'A5060770346', 'A5009675660', 'A5051009727', 'A5061919969', 'A5114405863', 'A5050344597', 'A5067023902', 'A5019596018', 'A5048682350', 'A5091060492', 'A5052103528', 'A5097715988', 'A5024271429', 'A5088700248', 'A5035621505', 'A5090379601', 'A5008906117', 'A5103764455', 'A5109850336', 'A5086639628', 'A5055388863', 'A5018054078', 'A5102904773', 'A5054530079', 'A5113485956', 'A5109578961', 'A5028265890', 'A5078643431', 'A5042845592', 'A5093653885', 'A5104320036', 'A5092967092', 'A5006958232', 'A5065588314', 'A5032866202', 'A5049791657', 'A5065346973', 'A5088825385', 'A5104433791', 'A5091751511', 'A5095374102', 'A5009212835', 'A5046847402', 'A5039523228', 'A5043076563', 'A5052473208', 'A5103957499', 'A5109737212', 'A5016878915', 'A5045985267', 'A5009999911', 'A5051898648', 'A5104179371', 'A5038137895', 'A5008706072', 'A5061815979', 'A5033881950', 'A5003036850', 'A5045892088', 'A5072655877', 'A5109661661', 'A5109736971', 'A5080038272', 'A5006468719', 'A5032133873', 'A5067907278', 'A5010898683', 'A5013834475', 'A5099585478', 'A5106653873', 'A5111302787', 'A5024736740', 'A5039695651', 'A5107405047', 'A5102586540', 'A5098816190', 'A5009480732', 'A5054568693', 'A5071750191', 'A5114206964', 'A5008745821', 'A5020146219', 'A5001921542', 'A5114956632', 'A5016767455', 'A5025439272', 'A5047281961', 'A5082065132', 'A5004374069', 'A5020247765', 'A5027290945', 'A5051826741', 'A5091514153', 'A5042678849', 'A5025615831', 'A5111255122', 'A5088905659', 'A5086122789', 'A5090603542', 'A5052556289', 'A5042301540', 'A5099426516', 'A5021545563', 'A5113487512', 'A5111222119', 'A5104309962', 'A5090123010', 'A5009883385', 'A5025807724', 'A5112542071', 'A5047356674', 'A5020979838', 'A5070508650', 'A5012422294', 'A5024225291', 'A5070969168', 'A5030073394', 'A5015770311', 'A5022540674', 'A5047507358', 'A5062180217', 'A5071832422', 'A5087671386', 'A5079443494', 'A5023484206', 'A5028894439', 'A5072737386', 'A5086215816', 'A5055083758', 'A5070956967', 'A5075151480', 'A5000650724', 'A5069167967', 'A5113915408', 'A5102486682', 'A5062817948', 'A5054894805', 'A5072142973', 'A5004210858', 'A5019402079', 'A5027142246', 'A5039598030', 'A5042510022', 'A5093728205', 'A5087776020', 'A5035575159', 'A5043164634', 'A5005990711', 'A5053278311', 'A5072569850', 'A5076761033', 'A5083372403', 'A5090048548', 'A5058437107', 'A5033850342', 'A5005159274', 'A5014311822', 'A5016758784', 'A5016786902', 'A5039176933', 'A5067109714', 'A5085021926', 'A5056893421', 'A5113208006', 'A5006693364', 'A5012920805', 'A5022145924', 'A5082358800', 'A5086456136', 'A5115620992', 'A5016400843', 'A5046624094', 'A5063065183', 'A5069216248', 'A5070180887', 'A5081968057', 'A5087516050', 'A5088138577', 'A5104617982', 'A5022901350', 'A5079833065', 'A5089167426', 'A5015520417', 'A5018747668', 'A5034659429', 'A5041308226', 'A5058063158', 'A5086731476', 'A5089337366', 'A5113671550', 'A5115522702', 'A5009080586', 'A5042088757', 'A5044476253', 'A5080417173', 'A5082970370', 'A5087953650', 'A5091724346', 'A5097873818', 'A5001369422', 'A5048178909', 'A5057523386', 'A5007761578', 'A5033004594', 'A5034593248', 'A5041021089', 'A5003254113', 'A5002791209', 'A5057589133', 'A5071197193', 'A5071747919', 'A5073415384', 'A5092359347', 'A5024867897', 'A5025521178', 'A5004135574', 'A5004354275', 'A5033146591', 'A5035990522', 'A5061894485', 'A5073874418', 'A5080311010', 'A5084848076', 'A5003440611', 'A5013845159', 'A5037542748', 'A5047139433', 'A5049051338', 'A5051407062', 'A5056073950', 'A5102617154', 'A5029429940', 'A5011386518', 'A5025144308', 'A5032148243', 'A5039090889', 'A5040474687', 'A5063501505', 'A5067680714', 'A5069014667', 'A5071296911', 'A5081995550', 'A5088141367', 'A5110606677', 'A5048574468', 'A5038058469', 'A5111748890', 'A5015550035', 'A5000890727', 'A5074168150', 'A5088145091', 'A5018046504', 'A5085202765', 'A5062733188', 'A5086083007', 'A5102533487', 'A5007843299', 'A5109865891', 'A5106215610', 'A5078016918', 'A5084900047', 'A5061246148', 'A5018897223', 'A5087683113', 'A5093824750', 'A5030197962', 'A5051196661', 'A5082131480', 'A5043481621', 'A5076329040', 'A5030719204', 'A5035223878', 'A5093963358', 'A5000192643', 'A5025066137', 'A5073044543', 'A5071742712', 'A5019365044', 'A5082531292', 'A5046215665', 'A5015326668', 'A5053080972', 'A5097776030', 'A5030547676', 'A5089963217', 'A5082876855', 'A5075688604', 'A5085821492', 'A5013059190', 'A5042550400', 'A5022155547', 'A5013639086', 'A5031680649', 'A5048013416', 'A5063816760', 'A5023397116', 'A5019716936', 'A5035353690', 'A5029388361']"
Alexander Fiks,"['A5007545587', 'A5061075580', 'A5104864985']"
Amit Gaggar,"['A5035278948', 'A5102927912', 'A5097204486', 'A5111095446']"
Katherine Gallagher,"['A5003195041', 'A5079978437', 'A5041700679', 'A5111839867', 'A5039466413', 'A5009794322', 'A5111884086', 'A5112866914', 'A5031945296', 'A5000534443', 'A5071482064', 'A5080610815', 'A5014881513', 'A5079294756', 'A5111267613', 'A5083131370', 'A5061985264', 'A5015678633', 'A5075898968', 'A5007012822', 'A5081249657', 'A5028706271', 'A5080768885']"
Santhi Ganesh,"['A5059696733', 'A5105783575', 'A5014726283', 'A5111628972', 'A5107252070']"
Wendy Garrett,['A5091604970']
Seema Ahuja,"['A5108211413', 'A5108461573', 'A5053057203', 'A5068539336', 'A5114002151', 'A5097446166']"
Maria-Luisa Alegre,"['A5023053917', 'A5103538614', 'A5017452379', 'A5020562420', 'A5077321254', 'A5110351772', 'A5098342997', 'A5098470033', 'A5087773394', 'A5103502086', 'A5099965116']"
David Altshuler,"['A5100340817', 'A5027245661', 'A5103385060', 'A5047981886', 'A5065582367', 'A5102176251']"
Andrew Arai,"['A5042753566', 'A5064838923', 'A5019290019']"
Katrina Armstrong,"['A5050539242', 'A5091122532', 'A5104534628', 'A5063553791', 'A5023051019', 'A5099501029', 'A5021751483']"
Andrew Badley,"['A5022761201', 'A5109308013']"
Ravi Bhatia,"['A5010061250', 'A5061644997', 'A5055130044', 'A5111482175', 'A5101758142', 'A5027941450', 'A5081963916', 'A5107893986', 'A5071205395', 'A5059624861', 'A5012573457', 'A5070469220', 'A5013810772', 'A5102503046', 'A5011654462', 'A5092424112', 'A5005296845', 'A5113036976', 'A5017737354', 'A5103870709', 'A5110811602', 'A5088187964', 'A5016569243', 'A5102666542']"
Smita Bhatia,"['A5010061250', 'A5043738456', 'A5112575681', 'A5104110035', 'A5014704364', 'A5095729849']"
Arul Chinnaiyan,"['A5003311852', 'A5108833506', 'A5049047012', 'A5111242380']"
Philip Cole,"['A5018061374', 'A5005043723', 'A5053724595', 'A5086006232', 'A5108456823', 'A5109911181', 'A5091532179', 'A5112473136', 'A5055141792', 'A5107847795', 'A5108010338', 'A5042373491', 'A5100853146', 'A5104493262', 'A5111813479', 'A5066205489', 'A5045644218', 'A5098865762', 'A5051294574', 'A5066880806', 'A5038595976', 'A5059979048', 'A5068078976', 'A5098865761', 'A5021236397', 'A5104048852', 'A5008433423']"
Suzanne Conzen,['A5006194387']
David Corry,"['A5077013841', 'A5068548352', 'A5063021281', 'A5007265973', 'A5111163821', 'A5017744750']"
David Cummings,"['A5111653656', 'A5039740102', 'A5111508233', 'A5059571745', 'A5029402769', 'A5056207703', 'A5111889820', 'A5082542320', 'A5052234324', 'A5011552008', 'A5021830239', 'A5045453668', 'A5014393774', 'A5008018930', 'A5108450786', 'A5015680704', 'A5091525752', 'A5087421728', 'A5055151023', 'A5060634674', 'A5017905236', 'A5113804289', 'A5020617666', 'A5017405194', 'A5042716849', 'A5114182126', 'A5112168608', 'A5075775935', 'A5030140243', 'A5046513293', 'A5049304611', 'A5075957054', 'A5000179517', 'A5005693134', 'A5080233189', 'A5086743441', 'A5040558128', 'A5040786598']"
Michael Debaun,"['A5047418153', 'A5108456058', 'A5022886976', 'A5039884722']"
Madhav Dhodapkar,"['A5088696429', 'A5103265168', 'A5103098155', 'A5098628181', 'A5004764185', 'A5113159215', 'A5076632302', 'A5102450387', 'A5048640019']"
E. Ely,"['A5074852854', 'A5111584425', 'A5023031029', 'A5007488473', 'A5073617688', 'A5067212029', 'A5046765991', 'A5112757975', 'A5110470142', 'A5035557169', 'A5031801444', 'A5005388653', 'A5049099962', 'A5079923976', 'A5013617347', 'A5033480820', 'A5062598247', 'A5008940517', 'A5113729088', 'A5049614530', 'A5024423221', 'A5079040310', 'A5013132321', 'A5038005282', 'A5051647634', 'A5046683664', 'A5110143393', 'A5047900211', 'A5103407070', 'A5015512559', 'A5070593150', 'A5032034522', 'A5065423062', 'A5022705857', 'A5017393109', 'A5078409167', 'A5060011278', 'A5039636744', 'A5009908747', 'A5073468917', 'A5066316578', 'A5088768447', 'A5025553180', 'A5109353200', 'A5112141097', 'A5108736252', 'A5111566482', 'A5024075519', 'A5036889337', 'A5040571347', 'A5089835123', 'A5056004823', 'A5044860425', 'A5036482987', 'A5013274190', 'A5076334902', 'A5021243062', 'A5065834489', 'A5061635465', 'A5040354420', 'A5053695940', 'A5108665348', 'A5059166135', 'A5045966900', 'A5077242780', 'A5011325640', 'A5114231645', 'A5010453102', 'A5108484920', 'A5113447262', 'A5055855584', 'A5087284434', 'A5112806679', 'A5073231438', 'A5018114489', 'A5031357638', 'A5038394274', 'A5080365714', 'A5013107691', 'A5042110801', 'A5104352165', 'A5039300777', 'A5069484323', 'A5027099539', 'A5050766558', 'A5070969677', 'A5017594536', 'A5111855565', 'A5083163952', 'A5036138096', 'A5047125538', 'A5010148396', 'A5111902771', 'A5024371084', 'A5113452054', 'A5112762680', 'A5073069439', 'A5043528301', 'A5112008506', 'A5113772266', 'A5053754187', 'A5088910219', 'A5035674784', 'A5019680370', 'A5011202039', 'A5079676932', 'A5035534808', 'A5045412838', 'A5065151604', 'A5103047391', 'A5052816278', 'A5016822825', 'A5104062416', 'A5050107165', 'A5087345421', 'A5078975382', 'A5027449280', 'A5073439789', 'A5091371179', 'A5108463438', 'A5086441576', 'A5110184752', 'A5028783149', 'A5033751682', 'A5039681172', 'A5043733848', 'A5104064002', 'A5079106748', 'A5021343229', 'A5009087597', 'A5017869264', 'A5077514157', 'A5004688150', 'A5020381692', 'A5108646125', 'A5048428085', 'A5072332348', 'A5108805812', 'A5108425938', 'A5045562892', 'A5031020300', 'A5010201295', 'A5008992497', 'A5015112332', 'A5046051809', 'A5014190506', 'A5070117506', 'A5068929691', 'A5017159426', 'A5106093886', 'A5036227052', 'A5017073269', 'A5005250161', 'A5112552568', 'A5103330368', 'A5103796417', 'A5103458187', 'A5075343349', 'A5086361610', 'A5018437256', 'A5052914346', 'A5112359836', 'A5046953594', 'A5061981461', 'A5110002253', 'A5113051883', 'A5085323688', 'A5088960308', 'A5080235591', 'A5103590412', 'A5085877415', 'A5112344537', 'A5031277373', 'A5045465067', 'A5077459500', 'A5087154961', 'A5089869362', 'A5001439782', 'A5017409128', 'A5059612070', 'A5107749520', 'A5009477151', 'A5046535118', 'A5004700062', 'A5012803183', 'A5088874301', 'A5111342743', 'A5048022595', 'A5039837061', 'A5090724019', 'A5030831037', 'A5021402843', 'A5027584673', 'A5003351061', 'A5056708650', 'A5001870976', 'A5039273273', 'A5090075675', 'A5024423593', 'A5067957357', 'A5082852708', 'A5016874844', 'A5082947841', 'A5070852127', 'A5057230094', 'A5072461520', 'A5010560836', 'A5045484644', 'A5035027857', 'A5044926129', 'A5007875113', 'A5033003752', 'A5056151835', 'A5030429929', 'A5067888962', 'A5021397918', 'A5010397034', 'A5050118151', 'A5082095967', 'A5050182873', 'A5076091230', 'A5077468949', 'A5073889703', 'A5034486732', 'A5091059515', 'A5057498168', 'A5044972981', 'A5091149721', 'A5017249803', 'A5020362006', 'A5059859606', 'A5045325439', 'A5009892734', 'A5063362899', 'A5018597474', 'A5026197650', 'A5017284646', 'A5052221941', 'A5071350835', 'A5020398200', 'A5025011612', 'A5014203315', 'A5073928661', 'A5022688545', 'A5074197828', 'A5080967908', 'A5091611300', 'A5002004511', 'A5078265737', 'A5067109429', 'A5112473445', 'A5108673966', 'A5027765640', 'A5021724369', 'A5076364810', 'A5078281589', 'A5066841827', 'A5043269774', 'A5073127835', 'A5111378339', 'A5114086924', 'A5064421986', 'A5071333726', 'A5056004820', 'A5077240537', 'A5049032733', 'A5056974594', 'A5085337546', 'A5005222354', 'A5031456006', 'A5012565662', 'A5035401472', 'A5012504932', 'A5063286346', 'A5088075002', 'A5030539544', 'A5031404443', 'A5086187839', 'A5009728723', 'A5087051392', 'A5052787058', 'A5053129089', 'A5006970101', 'A5019820648', 'A5026260726', 'A5029194906', 'A5034280927', 'A5034885212', 'A5044068989', 'A5050132211', 'A5061225407', 'A5065151260', 'A5065202217', 'A5070336128', 'A5071071143', 'A5076446640', 'A5083195062', 'A5087033410', 'A5091021659', 'A5011608967', 'A5016909328', 'A5035211364', 'A5045739406', 'A5052324148', 'A5062942807', 'A5063936086', 'A5084430266', 'A5087984735', 'A5073744771', 'A5010398462', 'A5018970801', 'A5025243385', 'A5029007728', 'A5029045747', 'A5031245717', 'A5039341731', 'A5043993752', 'A5066691295', 'A5088255441', 'A5089106198', 'A5022868608', 'A5007040536', 'A5008460707', 'A5008659770', 'A5022300994', 'A5037290851', 'A5049679314', 'A5053411215', 'A5053551555', 'A5069840878', 'A5087839535', 'A5076614725', 'A5027297267', 'A5003261849', 'A5010624744', 'A5014897875', 'A5020545367', 'A5028658658', 'A5029668286', 'A5046397949', 'A5046965418', 'A5049011925', 'A5063035237', 'A5071514183', 'A5078344978', 'A5087428327', 'A5090863004', 'A5009089702', 'A5033047478', 'A5039014847', 'A5058941465', 'A5081452189', 'A5088341985', 'A5011658577', 'A5019263642', 'A5022833070', 'A5035830303', 'A5048541750', 'A5050253182', 'A5065865753', 'A5076050832', 'A5086373698', 'A5061009582', 'A5003042399', 'A5006814647', 'A5010879718', 'A5019005890', 'A5019473251', 'A5035921072', 'A5047597772', 'A5064118186', 'A5090198589', 'A5001951353', 'A5004028940', 'A5007022173', 'A5042044081', 'A5056431468', 'A5064686562', 'A5077223764', 'A5080867197', 'A5080962963', 'A5089140897', 'A5001467937', 'A5003728659', 'A5034063347', 'A5035861300', 'A5036383087', 'A5046333063', 'A5052252899', 'A5054872345', 'A5060468337', 'A5064352418', 'A5067127854', 'A5070572945', 'A5071219614', 'A5073503884', 'A5073783664', 'A5082430564', 'A5083649992', 'A5088180961', 'A5040886530', 'A5009869577', 'A5021139746', 'A5022840306', 'A5027818408', 'A5042683105', 'A5050812343', 'A5057745179', 'A5072966782', 'A5076000172', 'A5002507616', 'A5007153889', 'A5010807204', 'A5025400014', 'A5028061093', 'A5028132380', 'A5028140349', 'A5028879860', 'A5040716662', 'A5043731695', 'A5045807536', 'A5054837935', 'A5056203671', 'A5064740744', 'A5072961985', 'A5079112026', 'A5082500913', 'A5083689361', 'A5015590790', 'A5099372539', 'A5093478644', 'A5015622154', 'A5051744727', 'A5005181537', 'A5023791582', 'A5093643767', 'A5005529403', 'A5046628892', 'A5080411748', 'A5113222418', 'A5049357508', 'A5093017452', 'A5028931030', 'A5012064056', 'A5024213291', 'A5087595534', 'A5054126727', 'A5031171509', 'A5082822001', 'A5089073402', 'A5025993933', 'A5074562518', 'A5037948903', 'A5066513037', 'A5078602133', 'A5037919297', 'A5062808195', 'A5112909308']"
Robert Friedlander,"['A5072837541', 'A5113573601', 'A5088809900', 'A5070625539', 'A5026568217', 'A5051094378', 'A5096953771', 'A5026855019', 'A5041554846', 'A5106996188', 'A5109065869', 'A5035484389']"
Thomas Gajewski,"['A5085317448', 'A5108071644', 'A5109347782', 'A5112238948', 'A5065984848', 'A5102321747']"
Robert Gerszten,"['A5049939460', 'A5109586360', 'A5111198766']"
George Gittes,"['A5044556352', 'A5060353850', 'A5068045511']"
Mark Gladwin,"['A5007944034', 'A5112382478', 'A5112338045']"
Roy Gulick,"['A5062018854', 'A5032019913', 'A5110329645', 'A5053017042', 'A5009761390']"
Volker Haase,"['A5071889215', 'A5115609495', 'A5019574423', 'A5020682754', 'A5021022706']"
William Haynes,"['A5052588458', 'A5078793399', 'A5060528195', 'A5076536606', 'A5028466283', 'A5110743932', 'A5046008474', 'A5017988261', 'A5028021474', 'A5026412510', 'A5101793007', 'A5101793008', 'A5108227861', 'A5030229307', 'A5016904922', 'A5077193239', 'A5010516888', 'A5081796610', 'A5083293595', 'A5041743219', 'A5011593208', 'A5045930726', 'A5011777230', 'A5038477206', 'A5113555192', 'A5010076249', 'A5076916277', 'A5010013593', 'A5101160856', 'A5097558388', 'A5005076393', 'A5111565185', 'A5108770387', 'A5087371387', 'A5036279322', 'A5003346450', 'A5113733765']"
Joel Hirschhorn,"['A5001552586', 'A5110708979', 'A5022430762', 'A5109296066', 'A5004255075', 'A5024822897']"
Edward Abraham,"['A5102795262', 'A5055384192', 'A5104045584', 'A5103241624', 'A5028155909', 'A5087741198', 'A5114004856', 'A5112012592', 'A5103700264', 'A5013771193', 'A5084956860', 'A5100398012', 'A5113602088', 'A5034008485', 'A5044850489', 'A5058087739', 'A5073365953', 'A5065245554', 'A5023711097', 'A5005245945', 'A5028640568', 'A5110427879', 'A5064165851', 'A5071435002', 'A5037285849', 'A5077552294', 'A5056174489', 'A5082951726', 'A5048044973', 'A5076107619', 'A5062429609', 'A5088513829']"
Kenneth Anderson,"['A5032464400', 'A5089388359', 'A5005376920', 'A5076075206', 'A5112464115', 'A5057933172', 'A5031168893', 'A5108408055', 'A5005924385', 'A5067532006', 'A5028131599', 'A5103131473', 'A5069179485', 'A5036416060', 'A5081057595', 'A5021222197', 'A5085178539', 'A5102174375', 'A5021291206', 'A5107842825', 'A5106023126', 'A5109049194', 'A5110778479', 'A5108291103', 'A5107315468', 'A5111638221', 'A5038648193', 'A5089898178', 'A5111448121', 'A5058755330', 'A5102257699', 'A5109875835', 'A5109284956', 'A5086940543', 'A5073165140', 'A5075036979', 'A5109771735', 'A5113369170', 'A5078970649', 'A5060196894', 'A5106121202', 'A5109848499', 'A5015366901', 'A5046031194', 'A5078350601', 'A5089644606', 'A5003665046', 'A5014283447', 'A5106134813', 'A5107297016', 'A5017705741', 'A5109568450', 'A5103424842', 'A5112154875', 'A5110945519', 'A5042389437', 'A5053058901', 'A5018817963', 'A5111799485', 'A5085259967', 'A5110463770', 'A5059743217', 'A5102882729', 'A5073963333', 'A5108248625', 'A5006426899', 'A5014789165', 'A5051258054', 'A5014187016', 'A5052191144', 'A5049419759', 'A5104697440', 'A5108717579', 'A5086376062', 'A5039874033', 'A5111250048', 'A5002176792', 'A5113391591', 'A5098531326', 'A5023535896', 'A5030089919', 'A5004487452', 'A5090783364', 'A5108516855']"
Steven Balk,"['A5087350413', 'A5109235830', 'A5075068946', 'A5061525842', 'A5114229127', 'A5031817666']"
Jeffrey Bender,"['A5051385259', 'A5057640390', 'A5033948476', 'A5112800401', 'A5111376515', 'A5110113173', 'A5012937312', 'A5113506903', 'A5003720831', 'A5014208413', 'A5110566755', 'A5096182965', 'A5005848189']"
Bruce Blazar,"['A5058268746', 'A5109850273', 'A5090143616', 'A5074849821', 'A5112894092', 'A5112869368', 'A5059938463', 'A5002176994', 'A5104683709']"
Linda Boxer,"['A5113553711', 'A5071457138']"
Troyen Brennan,"['A5103949633', 'A5018604051', 'A5111735596', 'A5113634967', 'A5009514661', 'A5099358369', 'A5099352489']"
Richard Bucala,"['A5020928977', 'A5113432815', 'A5108156383', 'A5052380286', 'A5108423138', 'A5011558072', 'A5103425519']"
Phillip Chance,"['A5110151958', 'A5109924879', 'A5113519350', 'A5004234422', 'A5096376680']"
Michael Clarke,"['A5068789733', 'A5077815639', 'A5053908320', 'A5044143184', 'A5086857083', 'A5011732781', 'A5101597761', 'A5021194339', 'A5077695358', 'A5102779049', 'A5022608447', 'A5101597762', 'A5112500477', 'A5038940135', 'A5047503785', 'A5028042500', 'A5033667322', 'A5108081514', 'A5102322195', 'A5068487618', 'A5062273612', 'A5111901409', 'A5110073818', 'A5086985222', 'A5103372666', 'A5110079453', 'A5029276396', 'A5101642983', 'A5016534133', 'A5025499541', 'A5061417427', 'A5041581579', 'A5108088894', 'A5044175867', 'A5014907241', 'A5059361016', 'A5109960554', 'A5019861588', 'A5110577297', 'A5102226856', 'A5020461165', 'A5112870702', 'A5100800722', 'A5080614147', 'A5046167208', 'A5114185215', 'A5033026214', 'A5110065859', 'A5113438786', 'A5067710179', 'A5040887434', 'A5091185373', 'A5011627892', 'A5058385253', 'A5103528079', 'A5066449779', 'A5101387747', 'A5102157724', 'A5110269653', 'A5102342944', 'A5058944202', 'A5023579057', 'A5079801252', 'A5036791223', 'A5014552144', 'A5053150210', 'A5053865756', 'A5038808387', 'A5042020473', 'A5021674052', 'A5052462045', 'A5108085147', 'A5047993929', 'A5055419557', 'A5076052667', 'A5031765544', 'A5027601783', 'A5096696000', 'A5098963641', 'A5098666015', 'A5100093192', 'A5033395404', 'A5014050035', 'A5049347720', 'A5085071468', 'A5028205020', 'A5071323986', 'A5055679874', 'A5039755442', 'A5068696952', 'A5086140393', 'A5023544175', 'A5039694756', 'A5027813479', 'A5033954674', 'A5053264055', 'A5004382408', 'A5085067375', 'A5021144396', 'A5010075932', 'A5046732357', 'A5050250975', 'A5043817556', 'A5058580584', 'A5007547242']"
Thomas Coffman,"['A5059424230', 'A5043434103', 'A5006362121', 'A5073482020', 'A5111484603', 'A5045374083', 'A5004616510', 'A5089419977', 'A5034420913', 'A5020168636']"
David Curiel,"['A5022987623', 'A5087299032', 'A5109379747', 'A5110108800', 'A5081784499', 'A5112016551', 'A5111831400', 'A5108362060', 'A5091654436', 'A5105620085', 'A5092900756', 'A5115711419', 'A5027876891', 'A5062490839', 'A5000130999', 'A5030163858', 'A5056460078', 'A5056143489']"
Patrice Delafontaine,['A5038380689']
Stephen Desiderio,"['A5026873741', 'A5024522056']"
John DiPersio,"['A5065066309', 'A5011679682', 'A5106194821', 'A5111839476', 'A5002942911', 'A5035771744']"
Vishva Dixit,"['A5084210146', 'A5105128808', 'A5070538930']"
Andrea Dunaif,"['A5006530708', 'A5105779454', 'A5078229007']"
James Feramisco,"['A5111789894', 'A5027847735']"
Elizabeth Field,"['A5039381470', 'A5066710269', 'A5045104038', 'A5053820043', 'A5030222603', 'A5036924480', 'A5033568470', 'A5065240603', 'A5051650802', 'A5067912740', 'A5050723557', 'A5024886895', 'A5065782600', 'A5074788446', 'A5067136328', 'A5003885566', 'A5112077308', 'A5025683826', 'A5009166941', 'A5086330510', 'A5066227443', 'A5072891754', 'A5016719542', 'A5030026536', 'A5007721614', 'A5031029788']"
Gary Firestein,"['A5024908446', 'A5110824344', 'A5108961531', 'A5082558290', 'A5109529273', 'A5003714354', 'A5111199305', 'A5050235464']"
Naomi Fukagawa,['A5011859104']
Joe Garcia,"['A5052491243', 'A5036945877', 'A5026680447', 'A5113490428', 'A5003101973', 'A5029677754', 'A5102938424', 'A5048517102', 'A5108349919', 'A5054708486', 'A5047353353', 'A5046667403', 'A5042940898', 'A5020556205', 'A5062504562', 'A5091316950', 'A5095645384', 'A5045515554', 'A5101926286', 'A5113482393', 'A5105297284', 'A5092834237', 'A5110832448', 'A5109046078', 'A5003826754', 'A5076082004', 'A5053335792', 'A5062422931', 'A5105308571', 'A5046479845', 'A5000136235', 'A5107554750', 'A5060383874', 'A5048177369', 'A5097158723', 'A5002196941', 'A5025599489', 'A5024965254', 'A5043286801']"
Julie Gerberding,['A5029485429']
Francis Gigliotti,"['A5113660329', 'A5069327894', 'A5111578791', 'A5060602533']"
David Golan,"['A5110178129', 'A5113942152', 'A5032909121', 'A5006345584', 'A5073924677', 'A5053559788', 'A5058712353']"
